timestamp,open,high,low,close,volume,close_time,quote_asset_volume
1726070400000,3.968,4.071,3.963,4.069,894.86,1726074000000,3589.522
1726074000000,4.069,4.127,4.069,4.087,10363.89,1726077600000,42611.981
1726077600000,4.087,4.137,4.059,4.067,5934.56,1726081200000,24451.142
1726081200000,4.067,4.112,4.053,4.11,230.98,1726084800000,939.75
1726084800000,4.11,4.125,4.09,4.096,10465.08,1726088400000,42936.45
1726088400000,4.096,4.135,4.096,4.11,5580.03,1726092000000,22990.787
1726092000000,4.11,4.131,4.101,4.112,1580.57,1726095600000,6492.169
1726095600000,4.112,4.126,4.105,4.111,312.4,1726099200000,1285.64
1726099200000,4.111,4.215,4.111,4.168,2504.6,1726102800000,10489.585
1726102800000,4.168,4.268,4.168,4.257,3275.72,1726106400000,13893.03
1726106400000,4.257,4.309,4.232,4.286,3686.34,1726110000000,15795.412
1726110000000,4.286,4.292,4.228,4.228,1942.25,1726113600000,8244.568
1726113600000,4.228,4.292,4.219,4.239,706.49,1726117200000,3001.089
1726117200000,4.239,4.279,4.234,4.258,2349.74,1726120800000,9999.515
1726120800000,4.258,4.331,4.252,4.315,1354.17,1726124400000,5793.843
1726124400000,4.315,4.332,4.272,4.272,15215.23,1726128000000,65689.867
1726128000000,4.272,4.307,4.256,4.261,3420.97,1726131600000,14616.059
1726131600000,4.261,4.275,4.231,4.231,3009.28,1726135200000,12773.744
1726135200000,4.231,4.26,4.23,4.237,2350.78,1726138800000,9970.923
1726138800000,4.237,4.272,4.236,4.243,1483.71,1726142400000,6306.577
1726142400000,4.243,4.263,4.181,4.186,2056.81,1726146000000,8674.636
1726146000000,4.186,4.217,4.171,4.179,1011.13,1726149600000,4251.472
1726149600000,4.179,4.254,4.158,4.158,3435.56,1726153200000,14442.144
1726153200000,4.158,4.19,4.1,4.109,984.77,1726156800000,4078.691
1726156800000,4.109,4.172,4.106,4.172,2099.56,1726160400000,8662.711
1726160400000,4.172,4.2,4.171,4.195,1982.75,1726164000000,8305.463
1726164000000,4.195,4.211,4.171,4.189,7416.07,1726167600000,31094.931
1726167600000,4.189,4.239,4.189,4.235,3090.46,1726171200000,13048.186
1726171200000,4.235,4.236,4.204,4.22,780.55,1726174800000,3285.501
1726174800000,4.22,4.225,4.191,4.198,758.84,1726178400000,3192.863
1726178400000,4.198,4.249,4.196,4.226,513.07,1726182000000,2170.299
1726182000000,4.226,4.248,4.219,4.24,217.46,1726185600000,920.156
1726185600000,4.24,4.269,4.201,4.201,4552.87,1726189200000,19235.76
1726189200000,4.201,4.206,4.164,4.19,1558.81,1726192800000,6526.013
1726192800000,4.19,4.194,4.171,4.176,166.11,1726196400000,694.412
1726196400000,4.176,4.183,4.133,4.134,1360.91,1726200000000,5654.262
1726200000000,4.134,4.164,4.124,4.124,12363.34,1726203600000,51420.47
1726203600000,4.124,4.162,4.124,4.155,1536.48,1726207200000,6384.348
1726207200000,4.155,4.156,4.111,4.111,428.65,1726210800000,1770.063
1726210800000,4.111,4.143,4.111,4.14,1385.39,1726214400000,5719.076
1726214400000,4.14,4.147,4.108,4.108,10822.79,1726218000000,44484.945
1726218000000,4.108,4.132,4.107,4.113,1789.74,1726221600000,7364.373
1726221600000,4.113,4.147,4.108,4.144,4116.25,1726225200000,17001.94
1726225200000,4.144,4.151,4.088,4.088,3215.34,1726228800000,13294.905
1726228800000,4.088,4.117,4.068,4.116,2089.64,1726232400000,8564.781
1726232400000,4.116,4.137,4.085,4.126,2518.84,1726236000000,10331.707
1726236000000,4.126,4.161,4.107,4.153,202.7,1726239600000,840.154
1726239600000,4.153,4.271,4.153,4.258,5880.57,1726243200000,24730.011
1726243200000,4.258,4.276,4.204,4.24,12369.22,1726246800000,52385.933
1726246800000,4.24,4.283,4.234,4.237,682.42,1726250400000,2902.034
1726250400000,4.237,4.282,4.234,4.273,5803.22,1726254000000,24786.68
1726254000000,4.273,4.33,4.256,4.263,11897.05,1726257600000,51164.369
1726257600000,4.263,4.372,4.259,4.365,7261.71,1726261200000,31446.374
1726261200000,4.365,4.526,4.358,4.514,2886.59,1726264800000,12935.257
1726264800000,4.514,4.59,4.501,4.54,1764.63,1726268400000,8004.796
1726268400000,4.54,4.542,4.46,4.497,568.81,1726272000000,2555.512
1726272000000,4.497,4.509,4.412,4.432,2185.83,1726275600000,9717.767
1726275600000,4.432,4.459,4.417,4.419,2359.88,1726279200000,10438.675
1726279200000,4.419,4.43,4.398,4.399,3140.63,1726282800000,13847.697
1726282800000,4.399,4.455,4.399,4.431,335.64,1726286400000,1486.074
1726286400000,4.431,4.444,4.4,4.404,166.12,1726290000000,735.725
1726290000000,4.404,4.409,4.34,4.34,1487.25,1726293600000,6482.987
1726293600000,4.34,4.361,4.316,4.357,3695.1,1726297200000,16066.068
1726297200000,4.357,4.361,4.337,4.338,3144.63,1726300800000,13675.587
1726300800000,4.338,4.356,4.317,4.325,3606.37,1726304400000,15645.912
1726304400000,4.325,4.502,4.324,4.47,7926.31,1726308000000,34393.476
1726308000000,4.47,4.56,4.44,4.56,1218.5,1726311600000,5495.019
1726311600000,4.56,4.58,4.509,4.537,3819.13,1726315200000,17348.325
1726315200000,4.537,4.557,4.514,4.54,2644.03,1726318800000,11984.598
1726318800000,4.54,4.576,4.517,4.575,2733.47,1726322400000,12451.173
1726322400000,4.575,4.575,4.495,4.513,2784.98,1726326000000,12586.923
1726326000000,4.513,4.532,4.487,4.49,10046.05,1726329600000,45329.73
1726329600000,4.49,4.53,4.48,4.503,186.02,1726333200000,837.858
1726333200000,4.503,4.515,4.492,4.506,258.31,1726336800000,1164.458
1726336800000,4.506,4.564,4.462,4.548,730.74,1726340400000,3292.323
1726340400000,4.548,4.575,4.525,4.53,5671.02,1726344000000,25775.383
1726344000000,4.53,4.59,4.515,4.59,8079.82,1726347600000,36972.514
1726347600000,4.59,4.613,4.578,4.592,403.23,1726351200000,1853.219
1726351200000,4.592,4.646,4.565,4.627,2981.56,1726354800000,13738.147
1726354800000,4.627,4.692,4.606,4.655,15005.83,1726358400000,69949.44
1726358400000,4.655,4.733,4.61,4.72,3445.09,1726362000000,16078.999
1726362000000,4.72,4.94,4.72,4.818,15773.93,1726365600000,76309.093
1726365600000,4.818,4.918,4.817,4.908,2970.62,1726369200000,14514.78
1726369200000,4.908,4.962,4.891,4.937,4288.78,1726372800000,21187.124
1726372800000,4.937,4.937,4.859,4.866,1383.95,1726376400000,6784.029
1726376400000,4.866,4.911,4.848,4.863,387.99,1726380000000,1895.94
1726380000000,4.863,4.885,4.82,4.851,1152.91,1726383600000,5581.982
1726383600000,4.851,4.852,4.759,4.792,3807.97,1726387200000,18224.328
1726387200000,4.792,4.824,4.775,4.797,972.99,1726390800000,4672.717
1726390800000,4.797,4.85,4.79,4.828,1029.9,1726394400000,4975.099
1726394400000,4.828,4.936,4.814,4.904,3456.89,1726398000000,16828.293
1726398000000,4.904,4.904,4.788,4.814,4687.13,1726401600000,22514.503
1726401600000,4.814,4.889,4.8,4.869,2943.82,1726405200000,14302.902
1726405200000,4.869,5.01,4.86,4.984,14502.37,1726408800000,72192.778
1726408800000,4.984,4.992,4.899,4.951,2746.31,1726412400000,13571.057
1726412400000,4.951,5.115,4.925,5.044,2654.65,1726416000000,13351.548
1726416000000,5.044,5.046,4.949,4.953,9404.04,1726419600000,46976.635
1726419600000,4.953,5.073,4.949,4.972,2621.93,1726423200000,13112.472
1726423200000,4.972,4.991,4.919,4.954,3243.86,1726426800000,16085.351
1726426800000,4.954,5.036,4.954,5.0,1140.25,1726430400000,5682.348
1726430400000,5.0,5.003,4.913,4.934,8512.98,1726434000000,41974.516
1726434000000,4.934,4.934,4.828,4.855,3761.21,1726437600000,18328.1
1726437600000,4.855,4.861,4.827,4.842,3475.21,1726441200000,16837.159
1726441200000,4.842,4.858,4.763,4.792,3438.48,1726444800000,16532.567
1726444800000,4.792,4.811,4.756,4.798,12883.42,1726448400000,61575.102
1726448400000,4.798,4.798,4.682,4.715,4034.2,1726452000000,18990.713
1726452000000,4.715,4.72,4.599,4.609,6328.07,1726455600000,29564.154
1726455600000,4.609,4.649,4.596,4.644,2627.4,1726459200000,12112.375
1726459200000,4.644,4.656,4.591,4.601,1841.78,1726462800000,8492.001
1726462800000,4.601,4.718,4.601,4.715,923.64,1726466400000,4307.301
1726466400000,4.715,4.738,4.666,4.666,5347.32,1726470000000,24999.168
1726470000000,4.666,4.735,4.661,4.699,8846.39,1726473600000,41693.273
1726473600000,4.699,4.785,4.685,4.709,7626.02,1726477200000,36177.274
1726477200000,4.709,4.72,4.64,4.646,6451.19,1726480800000,30235.222
1726480800000,4.646,4.683,4.623,4.672,3969.67,1726484400000,18428.166
1726484400000,4.672,4.686,4.634,4.646,1969.88,1726488000000,9185.086
1726488000000,4.646,4.659,4.61,4.619,2019.24,1726491600000,9354.406
1726491600000,4.619,4.626,4.549,4.582,8999.45,1726495200000,41148.151
1726495200000,4.582,4.582,4.494,4.5,14798.45,1726498800000,66903.028
1726498800000,4.5,4.516,4.48,4.498,24479.1,1726502400000,110188.096
1726502400000,4.498,4.567,4.498,4.566,13276.93,1726506000000,60015.969
1726506000000,4.566,4.59,4.49,4.583,2795.6,1726509600000,12668.633
1726509600000,4.583,4.588,4.534,4.549,10176.29,1726513200000,46198.868
1726513200000,4.549,4.588,4.538,4.551,621.62,1726516800000,2836.222
1726516800000,4.551,4.576,4.511,4.511,3104.53,1726520400000,14081.382
1726520400000,4.511,4.54,4.49,4.532,3758.66,1726524000000,16971.671
1726524000000,4.532,4.532,4.496,4.509,701.05,1726527600000,3166.823
1726527600000,4.509,4.561,4.509,4.535,713.22,1726531200000,3229.943
1726531200000,4.535,4.616,4.526,4.569,2736.49,1726534800000,12552.357
1726534800000,4.569,4.62,4.528,4.606,1862.03,1726538400000,8520.397
1726538400000,4.606,4.767,4.606,4.757,9390.54,1726542000000,44226.423
1726542000000,4.757,4.854,4.752,4.826,5356.13,1726545600000,25799.762
1726545600000,4.826,4.976,4.795,4.962,11797.25,1726549200000,57288.676
1726549200000,4.962,5.065,4.929,5.05,1067.35,1726552800000,5349.374
1726552800000,5.05,5.05,4.929,4.93,3930.75,1726556400000,19566.973
1726556400000,4.93,4.96,4.873,4.932,15994.31,1726560000000,78531.769
1726560000000,4.932,4.987,4.903,4.91,2622.94,1726563600000,13050.055
1726563600000,4.91,4.95,4.878,4.924,728.83,1726567200000,3572.24
1726567200000,4.924,5.163,4.878,5.144,6402.25,1726570800000,32091.771
1726570800000,5.144,5.152,4.972,5.072,6278.44,1726574400000,31742.561
1726574400000,5.072,5.252,5.039,5.226,11663.43,1726578000000,60661.505
1726578000000,5.226,5.273,5.18,5.197,10966.31,1726581600000,57291.399
1726581600000,5.197,5.25,5.145,5.155,9466.95,1726585200000,49068.605
1726585200000,5.155,5.208,5.134,5.18,5697.14,1726588800000,29490.356
1726588800000,5.18,5.228,5.131,5.131,8063.69,1726592400000,41788.901
1726592400000,5.131,5.217,5.124,5.189,7243.42,1726596000000,37564.632
1726596000000,5.189,5.281,5.162,5.213,13131.23,1726599600000,68748.2
1726599600000,5.213,5.227,5.116,5.129,15874.85,1726603200000,82086.777
1726603200000,5.129,5.25,5.119,5.213,5139.09,1726606800000,26731.739
1726606800000,5.213,5.266,5.202,5.236,2103.24,1726610400000,11000.718
1726610400000,5.236,5.245,5.207,5.208,2260.6,1726614000000,11823.094
1726614000000,5.208,5.228,5.17,5.228,884.41,1726617600000,4588.983
1726617600000,5.228,5.228,5.143,5.194,2670.62,1726621200000,13803.986
1726621200000,5.194,5.243,5.129,5.221,2309.63,1726624800000,11928.16
1726624800000,5.221,5.322,5.187,5.24,528.75,1726628400000,2768.019
1726628400000,5.24,5.333,5.226,5.322,3224.54,1726632000000,17136.943
1726632000000,5.322,5.35,5.294,5.35,6842.06,1726635600000,36317.195
1726635600000,5.35,5.359,5.29,5.32,2269.25,1726639200000,12078.83
1726639200000,5.32,5.372,5.31,5.346,3509.7,1726642800000,18727.664
1726642800000,5.346,5.456,5.341,5.36,4244.42,1726646400000,22854.586
1726646400000,5.36,5.371,5.241,5.245,1245.68,1726650000000,6609.677
1726650000000,5.245,5.251,5.15,5.157,4265.77,1726653600000,22071.478
1726653600000,5.157,5.257,5.151,5.242,18662.61,1726657200000,97496.143
1726657200000,5.242,5.277,5.185,5.185,2150.43,1726660800000,11304.008
1726660800000,5.185,5.271,5.177,5.227,1324.55,1726664400000,6894.163
1726664400000,5.227,5.255,5.151,5.184,3238.33,1726668000000,16772.823
1726668000000,5.184,5.208,5.154,5.165,12102.8,1726671600000,62810.811
1726671600000,5.165,5.175,5.0,5.043,33752.98,1726675200000,169863.923
1726675200000,5.043,5.145,5.016,5.135,9242.18,1726678800000,46849.696
1726678800000,5.135,5.241,5.079,5.173,18597.43,1726682400000,96157.249
1726682400000,5.173,5.46,5.173,5.357,42496.28,1726686000000,223978.562
1726686000000,5.357,5.367,5.199,5.213,28451.99,1726689600000,149499.844
1726689600000,5.213,5.26,5.173,5.23,17832.81,1726693200000,92729.94
1726693200000,5.23,5.326,5.196,5.229,2376.98,1726696800000,12473.052
1726696800000,5.229,5.29,5.203,5.283,1579.92,1726700400000,8283.751
1726700400000,5.283,5.416,5.272,5.404,10907.02,1726704000000,57829.715
1726704000000,5.404,5.84,5.327,5.751,12982.41,1726707600000,71782.593
1726707600000,5.751,5.983,5.69,5.823,33767.62,1726711200000,198398.921
1726711200000,5.823,5.928,5.821,5.918,4292.47,1726714800000,25238.154
1726714800000,5.918,6.185,5.897,5.947,44306.19,1726718400000,269514.431
1726718400000,5.947,5.997,5.898,5.936,6477.82,1726722000000,38554.201
1726722000000,5.936,6.126,5.9,6.032,11104.67,1726725600000,67218.525
1726725600000,6.032,6.232,6.0,6.152,10201.24,1726729200000,62666.976
1726729200000,6.152,6.49,6.145,6.484,16674.01,1726732800000,106156.557
1726732800000,6.484,6.484,6.3,6.316,10884.88,1726736400000,69452.117
1726736400000,6.316,6.37,6.269,6.274,4402.38,1726740000000,27756.584
1726740000000,6.274,6.343,6.214,6.242,3534.88,1726743600000,22248.571
1726743600000,6.242,6.284,6.182,6.19,2933.74,1726747200000,18257.262
1726747200000,6.19,6.276,6.174,6.212,4771.79,1726750800000,29769.752
1726750800000,6.212,6.229,6.099,6.118,3937.75,1726754400000,24183.214
1726754400000,6.118,6.323,6.118,6.214,5677.94,1726758000000,35347.772
1726758000000,6.214,6.253,6.196,6.208,5072.12,1726761600000,31606.03
1726761600000,6.208,6.226,6.123,6.137,10998.49,1726765200000,67861.462
1726765200000,6.137,6.199,6.107,6.107,8948.43,1726768800000,54901.603
1726768800000,6.107,6.134,6.005,6.005,3748.77,1726772400000,22793.833
1726772400000,6.005,6.074,6.0,6.012,16766.73,1726776000000,101010.959
1726776000000,6.012,6.078,5.989,5.995,3400.79,1726779600000,20502.093
1726779600000,5.995,6.021,5.96,5.971,4880.22,1726783200000,29222.179
1726783200000,5.971,6.004,5.93,5.932,869.69,1726786800000,5173.325
1726786800000,5.932,5.96,5.914,5.946,3304.18,1726790400000,19566.203
1726790400000,5.946,5.982,5.887,5.919,4650.5,1726794000000,27598.874
1726794000000,5.919,6.001,5.88,5.989,1661.79,1726797600000,9847.936
1726797600000,5.989,6.092,5.987,6.037,1226.38,1726801200000,7379.525
1726801200000,6.037,6.126,6.034,6.044,3207.28,1726804800000,19499.561
1726804800000,6.044,6.244,6.016,6.206,4276.58,1726808400000,26352.861
1726808400000,6.206,6.206,6.102,6.108,2976.56,1726812000000,18307.04
1726812000000,6.108,6.114,6.031,6.074,8330.12,1726815600000,50640.957
1726815600000,6.074,6.089,5.8,6.001,39737.31,1726819200000,238233.136
1726819200000,6.001,6.042,5.939,5.969,3162.68,1726822800000,18916.265
1726822800000,5.969,6.011,5.934,5.989,5404.16,1726826400000,32261.977
1726826400000,5.989,6.012,5.946,5.946,1305.47,1726830000000,7819.152
1726830000000,5.946,5.946,5.817,5.842,9668.32,1726833600000,56612.227
1726833600000,5.842,5.98,5.842,5.965,7274.95,1726837200000,43227.957
1726837200000,5.965,6.078,5.865,5.989,6419.72,1726840800000,38252.742
1726840800000,5.989,6.043,5.917,5.919,6609.39,1726844400000,39402.417
1726844400000,5.919,5.944,5.869,5.915,3365.55,1726848000000,19856.088
1726848000000,5.915,5.952,5.812,5.812,2155.91,1726851600000,12681.632
1726851600000,5.812,5.821,5.759,5.799,3501.88,1726855200000,20277.247
1726855200000,5.799,5.824,5.758,5.816,6206.38,1726858800000,36038.594
1726858800000,5.816,5.883,5.816,5.855,3111.8,1726862400000,18248.154
1726862400000,5.855,5.867,5.823,5.834,746.14,1726866000000,4357.834
1726866000000,5.834,6.057,5.828,6.014,2549.3,1726869600000,15242.134
1726869600000,6.014,6.083,6.006,6.051,4040.75,1726873200000,24452.865
1726873200000,6.051,6.109,5.973,6.008,2795.52,1726876800000,16952.848
1726876800000,6.008,6.129,5.985,6.007,2652.9,1726880400000,16086.553
1726880400000,6.007,6.088,5.931,5.937,1957.98,1726884000000,11802.132
1726884000000,5.937,5.952,5.86,5.877,1200.23,1726887600000,7056.614
1726887600000,5.877,5.909,5.845,5.851,1263.11,1726891200000,7415.398
1726891200000,5.851,5.903,5.785,5.808,339.37,1726894800000,1973.371
1726894800000,5.808,5.843,5.797,5.819,527.17,1726898400000,3068.565
1726898400000,5.819,5.903,5.819,5.872,836.47,1726902000000,4904.812
1726902000000,5.872,5.873,5.818,5.848,1166.84,1726905600000,6825.603
1726905600000,5.848,5.865,5.781,5.847,4545.07,1726909200000,26357.397
1726909200000,5.847,5.857,5.793,5.822,3600.18,1726912800000,20974.883
1726912800000,5.822,5.849,5.765,5.765,1535.02,1726916400000,8887.431
1726916400000,5.765,5.818,5.75,5.807,690.8,1726920000000,3990.031
1726920000000,5.807,5.827,5.77,5.789,722.81,1726923600000,4186.23
1726923600000,5.789,5.851,5.764,5.851,484.26,1726927200000,2806.769
1726927200000,5.851,6.073,5.851,6.054,7875.15,1726930800000,46895.12
1726930800000,6.054,6.095,5.945,6.063,2331.54,1726934400000,14019.54
1726934400000,6.063,6.063,5.921,5.955,10670.95,1726938000000,63678.635
1726938000000,5.955,6.037,5.954,5.976,22364.6,1726941600000,133955.735
1726941600000,5.976,6.044,5.972,5.979,6867.79,1726945200000,41222.94
1726945200000,5.979,6.002,5.962,5.989,251.88,1726948800000,1505.09
1726948800000,5.989,6.02,5.98,5.992,730.72,1726952400000,4380.861
1726952400000,5.992,6.021,5.978,5.983,717.24,1726956000000,4296.072
1726956000000,5.983,6.042,5.979,6.038,825.38,1726959600000,4983.165
1726959600000,6.038,6.064,5.994,6.009,2225.62,1726963200000,13387.79
1726963200000,6.009,6.02,5.9,5.905,1065.45,1726966800000,6340.03
1726966800000,5.905,5.911,5.735,5.735,3249.05,1726970400000,18898.647
1726970400000,5.735,5.741,5.51,5.531,5601.38,1726974000000,31503.22
1726974000000,5.531,5.609,5.527,5.576,3719.81,1726977600000,20691.538
1726977600000,5.576,5.628,5.556,5.609,5928.64,1726981200000,33244.471
1726981200000,5.609,5.631,5.564,5.628,2879.05,1726984800000,16114.376
1726984800000,5.628,5.7,5.62,5.632,4411.61,1726988400000,24865.981
1726988400000,5.632,5.658,5.598,5.623,453.5,1726992000000,2553.404
1726992000000,5.623,5.673,5.586,5.67,2555.9,1726995600000,14447.316
1726995600000,5.67,5.684,5.541,5.542,2578.86,1726999200000,14357.353
1726999200000,5.542,5.577,5.469,5.478,5738.04,1727002800000,31584.726
1727002800000,5.478,5.525,5.466,5.49,12693.32,1727006400000,69956.816
1727006400000,5.49,5.518,5.455,5.492,4988.09,1727010000000,27357.695
1727010000000,5.492,5.493,5.376,5.376,8765.63,1727013600000,47662.166
1727013600000,5.376,5.409,5.3,5.334,2996.04,1727017200000,16038.852
1727017200000,5.334,5.376,5.32,5.342,3066.58,1727020800000,16410.522
1727020800000,5.342,5.413,5.289,5.38,4527.84,1727024400000,24394.769
1727024400000,5.38,5.456,5.376,5.451,10215.68,1727028000000,55363.059
1727028000000,5.451,5.451,5.381,5.4,1884.23,1727031600000,10189.858
1727031600000,5.4,5.424,5.32,5.384,9169.85,1727035200000,49130.693
1727035200000,5.384,5.41,5.334,5.334,15024.57,1727038800000,80918.539
1727038800000,5.334,5.37,5.239,5.239,7778.44,1727042400000,41148.586
1727042400000,5.239,5.437,5.2,5.431,5309.13,1727046000000,27915.931
1727046000000,5.431,5.458,5.346,5.354,1971.31,1727049600000,10625.62
1727049600000,5.354,5.458,5.245,5.411,9995.26,1727053200000,54265.637
1727053200000,5.411,5.433,5.386,5.396,3464.93,1727056800000,18724.385
1727056800000,5.396,5.421,5.347,5.411,5561.89,1727060400000,29965.226
1727060400000,5.411,5.541,5.406,5.463,11429.62,1727064000000,62934.616
1727064000000,5.463,5.575,5.444,5.462,16316.2,1727067600000,89907.178
1727067600000,5.462,5.593,5.426,5.538,10020.02,1727071200000,55187.683
1727071200000,5.538,5.612,5.506,5.538,7352.17,1727074800000,40776.102
1727074800000,5.538,5.552,5.374,5.392,11293.8,1727078400000,61841.091
1727078400000,5.392,5.46,5.351,5.436,5511.82,1727082000000,29891.989
1727082000000,5.436,5.609,5.432,5.582,24167.27,1727085600000,134785.811
1727085600000,5.582,5.66,5.517,5.539,10018.79,1727089200000,55813.104
1727089200000,5.539,5.544,5.458,5.466,9405.85,1727092800000,51776.285
1727092800000,5.466,5.578,5.461,5.575,10952.06,1727096400000,60626.329
1727096400000,5.575,5.656,5.527,5.591,20173.44,1727100000000,112551.474
1727100000000,5.591,5.78,5.591,5.668,10004.23,1727103600000,56660.242
1727103600000,5.668,5.842,5.591,5.758,44126.4,1727107200000,252320.556
1727107200000,5.758,5.834,5.679,5.693,17860.76,1727110800000,103121.141
1727110800000,5.693,5.722,5.657,5.69,8429.73,1727114400000,47928.299
1727114400000,5.69,6.046,5.689,6.011,59495.63,1727118000000,354343.918
1727118000000,6.011,6.179,5.913,6.152,20092.87,1727121600000,122148.793
1727121600000,6.152,6.22,6.09,6.14,6865.59,1727125200000,42227.283
1727125200000,6.14,6.412,6.078,6.405,15976.37,1727128800000,100676.218
1727128800000,6.405,6.731,6.38,6.61,21343.97,1727132400000,140003.026
1727132400000,6.61,6.683,6.585,6.646,8822.17,1727136000000,58553.614
1727136000000,6.646,6.905,6.608,6.67,24553.84,1727139600000,165533.803
1727139600000,6.67,6.682,6.365,6.464,9369.48,1727143200000,61099.679
1727143200000,6.464,6.543,6.41,6.413,4346.22,1727146800000,28104.171
1727146800000,6.413,6.447,6.36,6.409,3446.42,1727150400000,22028.777
1727150400000,6.409,6.457,6.278,6.291,6651.06,1727154000000,42210.662
1727154000000,6.291,6.393,6.21,6.297,13519.18,1727157600000,85797.249
1727157600000,6.297,6.335,6.2,6.273,5904.81,1727161200000,37161.52
1727161200000,6.273,6.287,6.158,6.188,15557.34,1727164800000,96957.192
1727164800000,6.188,6.24,6.128,6.144,12269.65,1727168400000,76058.632
1727168400000,6.144,6.16,6.074,6.108,8335.33,1727172000000,50991.23
1727172000000,6.108,6.132,6.058,6.102,3457.82,1727175600000,21086.344
1727175600000,6.102,6.278,6.079,6.208,12996.7,1727179200000,80310.434
1727179200000,6.208,6.249,6.161,6.169,24965.22,1727182800000,154861.176
1727182800000,6.169,6.278,6.142,6.216,9564.94,1727186400000,59521.553
1727186400000,6.216,6.216,6.047,6.195,8010.02,1727190000000,48886.149
1727190000000,6.195,6.204,6.112,6.164,15952.83,1727193600000,98485.627
1727193600000,6.164,6.195,6.121,6.157,4002.86,1727197200000,24609.864
1727197200000,6.157,6.321,6.151,6.301,27149.42,1727200800000,169246.81
1727200800000,6.301,6.346,6.258,6.346,39685.14,1727204400000,250346.516
1727204400000,6.346,6.466,6.329,6.46,14594.18,1727208000000,93636.161
1727208000000,6.46,6.46,6.322,6.347,10101.2,1727211600000,64471.849
1727211600000,6.347,6.462,6.347,6.462,2039.73,1727215200000,13067.213
1727215200000,6.462,6.661,6.46,6.608,4803.18,1727218800000,31473.166
1727218800000,6.608,6.624,6.409,6.409,7852.62,1727222400000,50811.334
1727222400000,6.409,6.549,6.408,6.511,4052.55,1727226000000,26264.925
1727226000000,6.511,6.83,6.511,6.671,5297.17,1727229600000,35620.472
1727229600000,6.671,6.686,6.537,6.537,2364.63,1727233200000,15647.52
1727233200000,6.537,6.608,6.51,6.608,3058.69,1727236800000,20079.596
1727236800000,6.608,6.696,6.463,6.466,4122.54,1727240400000,27095.428
1727240400000,6.466,6.5,6.4,6.402,12908.02,1727244000000,83262.432
1727244000000,6.402,6.402,6.277,6.28,5553.76,1727247600000,35346.22
1727247600000,6.28,6.356,6.258,6.355,10119.85,1727251200000,63541.628
1727251200000,6.355,6.373,6.282,6.292,4259.42,1727254800000,26907.215
1727254800000,6.292,6.334,6.279,6.303,2591.9,1727258400000,16365.466
1727258400000,6.303,6.392,6.279,6.365,1757.34,1727262000000,11164.435
1727262000000,6.365,6.49,6.359,6.449,6095.93,1727265600000,39134.058
1727265600000,6.449,6.47,6.381,6.381,5654.1,1727269200000,36302.499
1727269200000,6.381,6.448,6.347,6.371,6089.53,1727272800000,38939.994
1727272800000,6.371,6.485,6.371,6.43,10026.94,1727276400000,64345.594
1727276400000,6.43,6.49,6.268,6.27,15396.97,1727280000000,98828.435
1727280000000,6.27,6.316,6.199,6.234,4337.53,1727283600000,27101.937
1727283600000,6.234,6.262,6.197,6.199,2605.22,1727287200000,16190.908
1727287200000,6.199,6.245,6.183,6.218,2369.51,1727290800000,14704.148
1727290800000,6.218,6.263,6.211,6.238,1629.82,1727294400000,10181.813
1727294400000,6.238,6.302,6.227,6.283,1256.29,1727298000000,7860.361
1727298000000,6.283,6.312,6.261,6.265,6420.39,1727301600000,40362.178
1727301600000,6.265,6.275,6.19,6.191,4878.88,1727305200000,30289.786
1727305200000,6.191,6.194,6.12,6.158,5687.8,1727308800000,34993.868
1727308800000,6.158,6.209,6.083,6.114,1821.93,1727312400000,11161.708
1727312400000,6.114,6.25,6.099,6.221,4417.25,1727316000000,27407.936
1727316000000,6.221,6.235,6.185,6.215,3646.68,1727319600000,22629.369
1727319600000,6.215,6.291,6.212,6.291,5881.88,1727323200000,36810.742
1727323200000,6.291,6.335,6.248,6.264,766.12,1727326800000,4814.52
1727326800000,6.264,6.35,6.257,6.281,1412.61,1727330400000,8917.531
1727330400000,6.281,6.317,6.257,6.307,2070.87,1727334000000,13028.523
1727334000000,6.307,6.351,6.255,6.347,3004.23,1727337600000,18995.342
1727337600000,6.347,6.395,6.285,6.286,6982.47,1727341200000,44317.341
1727341200000,6.286,6.391,6.285,6.325,4611.72,1727344800000,29340.22
1727344800000,6.325,6.437,6.316,6.437,3242.83,1727348400000,20623.061
1727348400000,6.437,6.437,6.346,6.366,5074.16,1727352000000,32455.659
1727352000000,6.366,6.367,6.272,6.304,8773.29,1727355600000,55370.081
1727355600000,6.304,6.35,6.174,6.232,8417.58,1727359200000,52607.693
1727359200000,6.232,6.319,6.127,6.138,25349.3,1727362800000,158209.681
1727362800000,6.138,6.277,6.132,6.235,13999.67,1727366400000,86846.096
1727366400000,6.235,6.443,6.22,6.367,29161.56,1727370000000,185007.793
1727370000000,6.367,6.495,6.24,6.24,20977.21,1727373600000,134569.143
1727373600000,6.24,6.33,6.238,6.322,4858.51,1727377200000,30557.017
1727377200000,6.322,6.344,6.22,6.22,4497.88,1727380800000,28329.277
1727380800000,6.22,6.234,6.138,6.144,4866.18,1727384400000,30117.091
1727384400000,6.144,6.273,6.134,6.265,2004.05,1727388000000,12398.225
1727388000000,6.265,6.386,6.25,6.344,6335.6,1727391600000,39934.1
1727391600000,6.344,6.344,6.195,6.268,14477.13,1727395200000,90765.662
1727395200000,6.268,6.448,6.268,6.319,12966.15,1727398800000,82314.875
1727398800000,6.319,6.353,6.26,6.289,1592.85,1727402400000,10061.333
1727402400000,6.289,6.332,6.167,6.223,2615.99,1727406000000,16264.261
1727406000000,6.223,6.398,6.2,6.366,5053.96,1727409600000,32063.019
1727409600000,6.366,6.407,6.33,6.349,3689.53,1727413200000,23496.065
1727413200000,6.349,6.504,6.332,6.487,7615.15,1727416800000,48993.187
1727416800000,6.487,6.555,6.424,6.427,6545.94,1727420400000,42503.619
1727420400000,6.427,6.459,6.37,6.415,3298.09,1727424000000,21165.642
1727424000000,6.415,6.518,6.415,6.45,5905.87,1727427600000,38195.849
1727427600000,6.45,6.59,6.388,6.388,7302.15,1727431200000,47257.347
1727431200000,6.388,6.415,6.315,6.326,6387.02,1727434800000,40603.698
1727434800000,6.326,6.444,6.326,6.331,2795.58,1727438400000,17794.927
1727438400000,6.331,6.528,6.297,6.499,3646.44,1727442000000,23621.701
1727442000000,6.499,6.535,6.335,6.389,4330.32,1727445600000,27775.907
1727445600000,6.389,6.514,6.356,6.47,21690.43,1727449200000,139713.072
1727449200000,6.47,6.508,6.382,6.44,11253.72,1727452800000,72869.132
1727452800000,6.44,6.499,6.364,6.493,9220.31,1727456400000,59213.244
1727456400000,6.493,6.497,6.301,6.373,9778.79,1727460000000,62443.694
1727460000000,6.373,6.382,6.268,6.363,22171.43,1727463600000,139661.757
1727463600000,6.363,6.387,6.339,6.371,3495.38,1727467200000,22238.646
1727467200000,6.371,6.453,6.348,6.452,1288.18,1727470800000,8262.394
1727470800000,6.452,6.594,6.428,6.478,3967.77,1727474400000,25919.268
1727474400000,6.478,6.49,6.447,6.451,14792.26,1727478000000,95834.324
1727478000000,6.451,6.46,6.348,6.382,3870.4,1727481600000,24791.617
1727481600000,6.382,6.438,6.368,6.412,1663.31,1727485200000,10629.418
1727485200000,6.412,6.412,6.323,6.372,2105.07,1727488800000,13391.698
1727488800000,6.372,6.44,6.371,6.371,2690.7,1727492400000,17243.772
1727492400000,6.371,6.39,6.297,6.31,2114.06,1727496000000,13386.616
1727496000000,6.31,6.342,6.3,6.313,3335.23,1727499600000,21098.022
1727499600000,6.313,6.327,6.234,6.238,1580.36,1727503200000,9943.558
1727503200000,6.238,6.241,6.171,6.199,4187.73,1727506800000,26030.498
1727506800000,6.199,6.236,6.175,6.213,2369.22,1727510400000,14674.334
1727510400000,6.213,6.224,6.129,6.149,2169.05,1727514000000,13339.414
1727514000000,6.149,6.196,6.06,6.196,5432.0,1727517600000,32998.789
1727517600000,6.196,6.303,6.177,6.291,4820.71,1727521200000,29963.491
1727521200000,6.291,6.291,6.228,6.269,2513.6,1727524800000,15746.266
1727524800000,6.269,6.316,6.236,6.284,2907.74,1727528400000,18273.443
1727528400000,6.284,6.286,6.165,6.166,1998.25,1727532000000,12417.697
1727532000000,6.166,6.262,6.166,6.24,2531.87,1727535600000,15756.924
1727535600000,6.24,6.241,6.175,6.192,797.46,1727539200000,4944.696
1727539200000,6.192,6.192,6.116,6.121,5077.8,1727542800000,31189.746
1727542800000,6.121,6.16,6.112,6.117,2126.75,1727546400000,13031.284
1727546400000,6.117,6.146,6.09,6.103,1688.15,1727550000000,10328.882
1727550000000,6.103,6.132,6.092,6.131,2638.55,1727553600000,16123.596
1727553600000,6.131,6.131,6.033,6.04,3826.72,1727557200000,23230.986
1727557200000,6.04,6.041,5.749,5.9,17196.78,1727560800000,101129.839
1727560800000,5.9,5.972,5.883,5.955,4656.94,1727564400000,27669.952
1727564400000,5.955,5.999,5.901,5.987,5152.33,1727568000000,30580.682
1727568000000,5.987,6.041,5.94,5.96,2229.83,1727571600000,13384.067
1727571600000,5.96,6.048,5.96,6.014,444.07,1727575200000,2669.821
1727575200000,6.014,6.077,5.995,6.02,3998.09,1727578800000,24154.969
1727578800000,6.02,6.119,6.014,6.114,4902.74,1727582400000,29720.123
1727582400000,6.114,6.117,6.026,6.065,1494.57,1727586000000,9047.586
1727586000000,6.065,6.108,5.965,5.99,2496.27,1727589600000,15101.792
1727589600000,5.99,6.011,5.909,5.909,2271.17,1727593200000,13563.379
1727593200000,5.909,5.921,5.824,5.836,17767.64,1727596800000,104785.026
1727596800000,5.836,5.891,5.776,5.785,11774.63,1727600400000,68198.905
1727600400000,5.785,5.875,5.785,5.857,3639.68,1727604000000,21310.165
1727604000000,5.857,5.877,5.821,5.844,1594.04,1727607600000,9327.466
1727607600000,5.844,5.913,5.834,5.9,1646.81,1727611200000,9690.088
1727611200000,5.9,5.924,5.793,5.814,4326.96,1727614800000,25490.994
1727614800000,5.814,5.976,5.771,5.95,6504.99,1727618400000,38199.366
1727618400000,5.95,6.003,5.939,5.944,7564.38,1727622000000,45145.175
1727622000000,5.944,6.025,5.935,6.023,3723.72,1727625600000,22316.355
1727625600000,6.023,6.192,6.013,6.171,10278.41,1727629200000,62623.637
1727629200000,6.171,6.18,6.106,6.154,6934.41,1727632800000,42676.783
1727632800000,6.154,6.22,6.118,6.123,11995.27,1727636400000,73931.719
1727636400000,6.123,6.149,6.06,6.139,2226.85,1727640000000,13626.721
1727640000000,6.139,6.187,6.064,6.064,2983.99,1727643600000,18286.443
1727643600000,6.064,6.131,6.041,6.081,3422.37,1727647200000,20782.305
1727647200000,6.081,6.126,6.02,6.02,4799.38,1727650800000,29092.734
1727650800000,6.02,6.028,5.958,6.006,3115.84,1727654400000,18707.804
1727654400000,6.006,6.075,5.879,6.044,3071.23,1727658000000,18299.732
1727658000000,6.044,6.082,5.889,5.901,4294.59,1727661600000,25781.858
1727661600000,5.901,5.968,5.85,5.89,3342.88,1727665200000,19759.593
1727665200000,5.89,5.92,5.8,5.915,4356.04,1727668800000,25416.015
1727668800000,5.915,5.938,5.847,5.929,4278.32,1727672400000,25285.795
1727672400000,5.929,6.024,5.912,6.006,1715.14,1727676000000,10226.616
1727676000000,6.006,6.085,5.951,5.951,2431.35,1727679600000,14682.127
1727679600000,5.951,6.074,5.949,6.033,5097.41,1727683200000,30594.731
1727683200000,6.033,6.045,5.95,5.972,4859.02,1727686800000,29102.352
1727686800000,5.972,5.972,5.833,5.833,16994.43,1727690400000,100139.862
1727690400000,5.833,5.891,5.796,5.891,24582.44,1727694000000,143695.304
1727694000000,5.891,5.939,5.872,5.935,1219.66,1727697600000,7213.675
1727697600000,5.935,5.958,5.873,5.938,3306.93,1727701200000,19623.292
1727701200000,5.938,5.97,5.881,5.884,4468.18,1727704800000,26378.337
1727704800000,5.884,5.889,5.805,5.826,7002.9,1727708400000,40870.569
1727708400000,5.826,5.866,5.657,5.657,18986.03,1727712000000,108525.404
1727712000000,5.657,5.76,5.657,5.741,11906.53,1727715600000,68125.425
1727715600000,5.741,5.77,5.708,5.743,3429.39,1727719200000,19652.039
1727719200000,5.743,5.792,5.67,5.774,4203.16,1727722800000,24055.036
1727722800000,5.774,5.78,5.737,5.737,5077.55,1727726400000,29219.191
1727726400000,5.737,5.8,5.737,5.769,3155.8,1727730000000,18207.743
1727730000000,5.769,5.829,5.718,5.718,3469.97,1727733600000,20089.065
1727733600000,5.718,5.723,5.55,5.55,9265.08,1727737200000,51906.327
1727737200000,5.55,5.591,5.467,5.528,4809.59,1727740800000,26493.137
1727740800000,5.528,5.667,5.509,5.666,3891.91,1727744400000,21794.401
1727744400000,5.666,5.684,5.584,5.592,1877.54,1727748000000,10586.382
1727748000000,5.592,5.596,5.53,5.592,2592.64,1727751600000,14418.802
1727751600000,5.592,5.671,5.579,5.627,2620.89,1727755200000,14796.793
1727755200000,5.627,5.693,5.623,5.661,5872.67,1727758800000,33245.09
1727758800000,5.661,5.661,5.606,5.624,2403.5,1727762400000,13510.013
1727762400000,5.624,5.712,5.624,5.7,4773.09,1727766000000,27090.499
1727766000000,5.7,5.737,5.67,5.679,3400.68,1727769600000,19416.332
1727769600000,5.679,5.702,5.652,5.673,3135.0,1727773200000,17771.259
1727773200000,5.673,5.727,5.673,5.693,4812.76,1727776800000,27497.025
1727776800000,5.693,5.732,5.661,5.724,1761.01,1727780400000,10029.701
1727780400000,5.724,5.736,5.676,5.677,11384.22,1727784000000,65089.735
1727784000000,5.677,5.706,5.633,5.639,4604.01,1727787600000,26084.747
1727787600000,5.639,5.64,5.357,5.49,26448.46,1727791200000,145855.418
1727791200000,5.49,5.527,5.294,5.317,9555.52,1727794800000,51630.35
1727794800000,5.317,5.415,5.094,5.295,15276.95,1727798400000,80420.406
1727798400000,5.295,5.343,5.186,5.278,4987.23,1727802000000,26274.141
1727802000000,5.278,5.29,4.95,5.263,24483.5,1727805600000,125007.511
1727805600000,5.263,5.324,5.219,5.225,7459.19,1727809200000,39359.303
1727809200000,5.225,5.23,5.123,5.123,5231.5,1727812800000,27089.914
1727812800000,5.123,5.175,5.038,5.15,2885.95,1727816400000,14760.356
1727816400000,5.15,5.162,5.098,5.143,2679.37,1727820000000,13756.78
1727820000000,5.143,5.143,5.044,5.07,3121.95,1727823600000,15832.097
1727823600000,5.07,5.115,5.055,5.09,3835.33,1727827200000,19565.046
1727827200000,5.09,5.144,5.063,5.076,3157.37,1727830800000,16100.747
1727830800000,5.076,5.164,5.066,5.159,3347.07,1727834400000,17213.148
1727834400000,5.159,5.17,5.086,5.129,1158.48,1727838000000,5921.971
1727838000000,5.129,5.177,5.129,5.155,6066.3,1727841600000,31306.451
1727841600000,5.155,5.159,5.102,5.145,1799.06,1727845200000,9241.467
1727845200000,5.145,5.196,5.142,5.191,2123.19,1727848800000,10969.58
1727848800000,5.191,5.338,5.141,5.292,4321.85,1727852400000,22729.094
1727852400000,5.292,5.319,5.23,5.289,1790.22,1727856000000,9441.369
1727856000000,5.289,5.346,5.256,5.303,1566.16,1727859600000,8300.991
1727859600000,5.303,5.5,5.249,5.274,5626.09,1727863200000,30041.256
1727863200000,5.274,5.356,5.212,5.212,2087.39,1727866800000,10989.705
1727866800000,5.212,5.278,5.166,5.229,4281.43,1727870400000,22264.116
1727870400000,5.229,5.301,5.164,5.184,3769.47,1727874000000,19633.47
1727874000000,5.184,5.193,4.929,5.037,13172.98,1727877600000,66447.614
1727877600000,5.037,5.126,5.009,5.044,7336.31,1727881200000,37126.061
1727881200000,5.044,5.147,5.036,5.117,3651.2,1727884800000,18630.834
1727884800000,5.117,5.223,5.071,5.073,8527.38,1727888400000,43894.699
1727888400000,5.073,5.099,4.991,5.025,3597.8,1727892000000,18105.031
1727892000000,5.025,5.025,4.788,4.788,6627.01,1727895600000,32472.069
1727895600000,4.788,4.896,4.75,4.861,7743.05,1727899200000,37452.163
1727899200000,4.861,4.948,4.83,4.918,11451.66,1727902800000,55986.865
1727902800000,4.918,4.937,4.847,4.857,600.33,1727906400000,2931.38
1727906400000,4.857,4.885,4.797,4.884,929.81,1727910000000,4484.499
1727910000000,4.884,4.891,4.832,4.835,3809.57,1727913600000,18589.981
1727913600000,4.835,4.912,4.784,4.85,1866.14,1727917200000,9100.788
1727917200000,4.85,4.931,4.841,4.866,841.52,1727920800000,4120.014
1727920800000,4.866,4.915,4.852,4.882,3122.56,1727924400000,15250.458
1727924400000,4.882,4.905,4.844,4.896,2873.82,1727928000000,14016.051
1727928000000,4.896,4.921,4.836,4.891,1511.66,1727931600000,7376.139
1727931600000,4.891,4.928,4.827,4.838,1599.91,1727935200000,7765.865
1727935200000,4.838,4.85,4.794,4.816,3944.24,1727938800000,19056.35
1727938800000,4.816,4.832,4.7,4.714,4541.62,1727942400000,21584.804
1727942400000,4.714,4.72,4.611,4.638,7173.4,1727946000000,33579.097
1727946000000,4.638,4.78,4.549,4.776,8011.36,1727949600000,37483.679
1727949600000,4.776,4.852,4.747,4.852,7131.43,1727953200000,34261.587
1727953200000,4.852,4.87,4.8,4.801,5639.19,1727956800000,27285.984
1727956800000,4.801,4.852,4.757,4.786,996.55,1727960400000,4770.673
1727960400000,4.786,4.794,4.674,4.735,5833.17,1727964000000,27676.785
1727964000000,4.735,4.803,4.589,4.589,4656.58,1727967600000,21704.127
1727967600000,4.589,4.66,4.51,4.651,8701.64,1727971200000,39735.856
1727971200000,4.651,4.686,4.571,4.629,9149.27,1727974800000,42242.95
1727974800000,4.629,4.749,4.575,4.702,1728.84,1727978400000,8136.732
1727978400000,4.702,4.723,4.654,4.67,777.39,1727982000000,3645.123
1727982000000,4.67,4.784,4.646,4.765,3791.24,1727985600000,17894.573
1727985600000,4.765,4.817,4.737,4.746,3769.19,1727989200000,17985.461
1727989200000,4.746,4.794,4.709,4.777,1105.82,1727992800000,5276.707
1727992800000,4.777,4.785,4.737,4.775,1125.08,1727996400000,5342.378
1727996400000,4.775,4.805,4.73,4.753,624.15,1728000000000,2959.319
1728000000000,4.753,4.822,4.75,4.751,609.44,1728003600000,2911.261
1728003600000,4.751,4.961,4.751,4.923,6632.64,1728007200000,32602.107
1728007200000,4.923,4.934,4.839,4.839,4818.64,1728010800000,23575.943
1728010800000,4.839,4.873,4.817,4.853,3041.75,1728014400000,14766.509
1728014400000,4.853,4.944,4.853,4.909,1004.99,1728018000000,4942.211
1728018000000,4.909,5.013,4.9,5.01,3086.09,1728021600000,15386.19
1728021600000,5.01,5.058,4.972,5.003,1736.73,1728025200000,8721.837
1728025200000,5.003,5.082,4.977,5.044,4833.11,1728028800000,24227.738
1728028800000,5.044,5.153,5.024,5.106,5873.31,1728032400000,29871.707
1728032400000,5.106,5.251,5.105,5.176,5444.79,1728036000000,28281.091
1728036000000,5.176,5.182,5.117,5.124,3409.8,1728039600000,17582.062
1728039600000,5.124,5.226,5.101,5.204,2586.86,1728043200000,13302.856
1728043200000,5.204,5.213,5.1,5.2,4465.43,1728046800000,23082.681
1728046800000,5.2,5.247,5.135,5.192,4237.27,1728050400000,22033.488
1728050400000,5.192,5.195,5.082,5.156,4812.34,1728054000000,24664.249
1728054000000,5.156,5.312,5.154,5.256,10213.18,1728057600000,53817.331
1728057600000,5.256,5.364,5.24,5.257,1927.88,1728061200000,10229.18
1728061200000,5.257,5.281,5.204,5.204,1316.3,1728064800000,6897.758
1728064800000,5.204,5.248,5.186,5.245,3217.04,1728068400000,16753.07
1728068400000,5.245,5.293,5.228,5.29,1284.46,1728072000000,6750.445
1728072000000,5.29,5.323,5.258,5.314,2067.88,1728075600000,10955.481
1728075600000,5.314,5.314,5.227,5.242,1306.9,1728079200000,6871.817
1728079200000,5.242,5.246,5.211,5.235,1809.85,1728082800000,9471.02
1728082800000,5.235,5.248,5.205,5.237,1629.55,1728086400000,8505.14
1728086400000,5.237,5.242,5.202,5.232,1757.28,1728090000000,9186.755
1728090000000,5.232,5.232,5.148,5.192,3362.21,1728093600000,17370.244
1728093600000,5.192,5.2,5.109,5.114,733.61,1728097200000,3784.523
1728097200000,5.114,5.128,5.07,5.07,11447.48,1728100800000,58427.13
1728100800000,5.07,5.139,5.07,5.107,5423.86,1728104400000,27736.023
1728104400000,5.107,5.146,5.1,5.1,670.64,1728108000000,3433.916
1728108000000,5.1,5.134,5.075,5.12,4960.13,1728111600000,25322.64
1728111600000,5.12,5.135,5.075,5.075,882.06,1728115200000,4507.781
1728115200000,5.075,5.122,5.075,5.099,1967.79,1728118800000,10032.475
1728118800000,5.099,5.141,5.098,5.135,7627.47,1728122400000,39069.194
1728122400000,5.135,5.155,5.087,5.115,10684.99,1728126000000,54770.62
1728126000000,5.115,5.13,5.101,5.101,2115.15,1728129600000,10814.639
1728129600000,5.101,5.184,5.101,5.184,8878.61,1728133200000,45653.466
1728133200000,5.184,5.191,5.11,5.111,6404.88,1728136800000,32838.89
1728136800000,5.111,5.13,5.072,5.104,5160.8,1728140400000,26395.335
1728140400000,5.104,5.117,5.085,5.099,7038.97,1728144000000,35929.825
1728144000000,5.099,5.106,5.017,5.02,2275.92,1728147600000,11475.828
1728147600000,5.02,5.08,5.02,5.075,3155.33,1728151200000,15994.947
1728151200000,5.075,5.09,5.03,5.033,2185.01,1728154800000,11068.503
1728154800000,5.033,5.034,4.988,5.009,2316.54,1728158400000,11603.761
1728158400000,5.009,5.014,4.961,4.966,7869.61,1728162000000,39231.626
1728162000000,4.966,5.061,4.963,5.039,4800.18,1728165600000,24246.392
1728165600000,5.039,5.142,5.038,5.13,847.65,1728169200000,4309.54
1728169200000,5.13,5.147,5.113,5.141,5105.86,1728172800000,26150.513
1728172800000,5.141,5.146,5.08,5.087,1098.45,1728176400000,5610.466
1728176400000,5.087,5.174,5.08,5.171,200.34,1728180000000,1029.841
1728180000000,5.171,5.173,5.132,5.15,1191.53,1728183600000,6146.61
1728183600000,5.15,5.187,5.106,5.106,196.18,1728187200000,1004.739
1728187200000,5.106,5.138,5.065,5.079,433.39,1728190800000,2209.623
1728190800000,5.079,5.11,5.057,5.082,62.82,1728194400000,319.014
1728194400000,5.082,5.128,5.078,5.086,1426.18,1728198000000,7290.908
1728198000000,5.086,5.112,5.08,5.087,446.9,1728201600000,2279.661
1728201600000,5.087,5.146,5.079,5.132,3193.98,1728205200000,16391.034
1728205200000,5.132,5.18,5.131,5.154,3040.21,1728208800000,15672.464
1728208800000,5.154,5.186,5.141,5.184,1079.52,1728212400000,5577.901
1728212400000,5.184,5.223,5.143,5.209,2989.59,1728216000000,15441.793
1728216000000,5.209,5.229,5.173,5.217,1823.71,1728219600000,9455.348
1728219600000,5.217,5.302,5.203,5.276,1439.04,1728223200000,7554.046
1728223200000,5.276,5.458,5.271,5.424,15447.77,1728226800000,83173.746
1728226800000,5.424,5.464,5.374,5.403,9230.8,1728230400000,49886.225
1728230400000,5.403,5.48,5.352,5.352,5841.6,1728234000000,31776.121
1728234000000,5.352,5.385,5.329,5.331,2490.52,1728237600000,13325.466
1728237600000,5.331,5.376,5.331,5.373,5094.76,1728241200000,27229.538
1728241200000,5.373,5.409,5.267,5.268,5553.03,1728244800000,29859.507
1728244800000,5.268,5.293,5.258,5.285,5803.96,1728248400000,30665.056
1728248400000,5.285,5.301,5.198,5.204,815.51,1728252000000,4289.197
1728252000000,5.204,5.275,5.204,5.275,2075.18,1728255600000,10874.074
1728255600000,5.275,5.322,5.27,5.309,19117.14,1728259200000,101178.14
1728259200000,5.309,5.441,5.289,5.436,2862.21,1728262800000,15449.144
1728262800000,5.436,5.571,5.436,5.54,6923.84,1728266400000,38031.448
1728266400000,5.54,5.59,5.479,5.479,3209.51,1728270000000,17738.86
1728270000000,5.479,5.602,5.422,5.601,1692.27,1728273600000,9229.314
1728273600000,5.601,5.656,5.552,5.62,1507.41,1728277200000,8442.717
1728277200000,5.62,5.668,5.599,5.599,893.49,1728280800000,5031.511
1728280800000,5.599,5.667,5.575,5.636,5372.99,1728284400000,30225.407
1728284400000,5.636,5.636,5.567,5.574,1911.21,1728288000000,10714.874
1728288000000,5.574,5.723,5.57,5.692,3292.17,1728291600000,18587.905
1728291600000,5.692,5.701,5.51,5.545,9834.26,1728295200000,55133.636
1728295200000,5.545,5.545,5.395,5.408,6782.57,1728298800000,36895.537
1728298800000,5.408,5.488,5.36,5.485,3935.88,1728302400000,21452.056
1728302400000,5.485,5.5,5.417,5.421,4929.33,1728306000000,26977.629
1728306000000,5.421,5.54,5.415,5.503,11114.73,1728309600000,60694.868
1728309600000,5.503,5.671,5.503,5.571,14631.23,1728313200000,82122.304
1728313200000,5.571,5.605,5.492,5.507,9530.15,1728316800000,52935.203
1728316800000,5.507,5.688,5.497,5.677,7846.26,1728320400000,43889.669
1728320400000,5.677,5.735,5.664,5.711,13652.25,1728324000000,77895.441
1728324000000,5.711,5.711,5.466,5.473,11287.84,1728327600000,62868.469
1728327600000,5.473,5.574,5.473,5.538,5350.85,1728331200000,29649.913
1728331200000,5.538,5.576,5.417,5.425,4701.23,1728334800000,25566.587
1728334800000,5.425,5.496,5.417,5.482,1428.99,1728338400000,7795.444
1728338400000,5.482,5.485,5.395,5.395,3611.37,1728342000000,19666.274
1728342000000,5.395,5.415,5.323,5.324,4722.66,1728345600000,25499.569
1728345600000,5.324,5.413,5.317,5.389,2653.85,1728349200000,14270.261
1728349200000,5.389,5.423,5.333,5.377,1510.54,1728352800000,8132.31
1728352800000,5.377,5.43,5.349,5.418,604.66,1728356400000,3246.814
1728356400000,5.418,5.418,5.353,5.354,5870.11,1728360000000,31468.273
1728360000000,5.354,5.417,5.309,5.343,1256.28,1728363600000,6705.422
1728363600000,5.343,5.356,5.246,5.301,2821.26,1728367200000,14894.497
1728367200000,5.301,5.33,5.256,5.318,1722.48,1728370800000,9117.078
1728370800000,5.318,5.318,5.208,5.259,12639.27,1728374400000,66412.358
1728374400000,5.259,5.289,5.233,5.271,3568.13,1728378000000,18775.128
1728378000000,5.271,5.317,5.228,5.312,3104.92,1728381600000,16353.207
1728381600000,5.312,5.331,5.282,5.314,2866.12,1728385200000,15231.456
1728385200000,5.314,5.354,5.3,5.339,5607.57,1728388800000,29783.493
1728388800000,5.339,5.355,5.216,5.23,6290.39,1728392400000,33253.582
1728392400000,5.23,5.286,5.147,5.285,7139.34,1728396000000,37083.507
1728396000000,5.285,5.309,5.161,5.222,9827.9,1728399600000,51014.02
1728399600000,5.222,5.222,5.076,5.164,5363.0,1728403200000,27655.655
1728403200000,5.164,5.243,5.131,5.233,2695.22,1728406800000,14041.153
1728406800000,5.233,5.237,5.154,5.188,1385.32,1728410400000,7205.11
1728410400000,5.188,5.231,5.106,5.136,5705.69,1728414000000,29614.778
1728414000000,5.136,5.181,5.097,5.165,3604.68,1728417600000,18485.273
1728417600000,5.165,5.176,5.129,5.142,908.22,1728421200000,4680.883
1728421200000,5.142,5.197,5.128,5.184,4375.0,1728424800000,22571.233
1728424800000,5.184,5.189,5.105,5.107,1734.92,1728428400000,8904.811
1728428400000,5.107,5.139,5.048,5.137,2019.6,1728432000000,10305.998
1728432000000,5.137,5.156,5.07,5.093,583.8,1728435600000,2982.547
1728435600000,5.093,5.19,5.093,5.15,954.64,1728439200000,4919.012
1728439200000,5.15,5.15,4.951,4.976,5710.87,1728442800000,28823.74
1728442800000,4.976,5.03,4.964,5.011,2995.11,1728446400000,14985.032
1728446400000,5.011,5.044,4.983,4.987,2319.53,1728450000000,11642.991
1728450000000,4.987,5.058,4.987,5.048,2368.2,1728453600000,11936.737
1728453600000,5.048,5.059,5.01,5.017,4910.1,1728457200000,24757.232
1728457200000,5.017,5.017,4.967,4.989,1452.59,1728460800000,7232.673
1728460800000,4.989,5.017,4.965,4.967,2026.98,1728464400000,10130.813
1728464400000,4.967,5.019,4.964,5.014,3312.24,1728468000000,16570.671
1728468000000,5.014,5.031,4.985,4.994,2452.55,1728471600000,12264.914
1728471600000,4.994,5.01,4.978,4.995,2962.6,1728475200000,14799.846
1728475200000,4.995,5.001,4.922,4.963,12233.73,1728478800000,60800.867
1728478800000,4.963,4.983,4.92,4.93,3296.1,1728482400000,16335.575
1728482400000,4.93,4.964,4.921,4.928,2850.07,1728486000000,14080.77
1728486000000,4.928,5.073,4.928,5.055,5992.51,1728489600000,30222.452
1728489600000,5.055,5.071,4.978,4.979,6115.17,1728493200000,30690.605
1728493200000,4.979,4.981,4.919,4.924,6102.7,1728496800000,30218.862
1728496800000,4.924,4.945,4.84,4.865,4749.72,1728500400000,23184.05
1728500400000,4.865,4.905,4.852,4.887,14012.84,1728504000000,68395.238
1728504000000,4.887,4.888,4.798,4.813,6192.05,1728507600000,29977.523
1728507600000,4.813,4.872,4.801,4.857,1157.81,1728511200000,5612.543
1728511200000,4.857,4.857,4.82,4.82,1766.21,1728514800000,8541.267
1728514800000,4.82,4.837,4.81,4.818,515.06,1728518400000,2486.24
1728518400000,4.818,4.84,4.78,4.802,3744.97,1728522000000,18042.171
1728522000000,4.802,4.929,4.802,4.904,2483.57,1728525600000,12204.115
1728525600000,4.904,4.923,4.889,4.899,631.43,1728529200000,3103.524
1728529200000,4.899,4.93,4.887,4.893,223.79,1728532800000,1100.34
1728532800000,4.893,4.905,4.883,4.886,1687.55,1728536400000,8263.749
1728536400000,4.886,4.923,4.865,4.901,5924.95,1728540000000,28905.991
1728540000000,4.901,4.911,4.885,4.9,3444.51,1728543600000,16875.504
1728543600000,4.9,4.9,4.833,4.833,3868.31,1728547200000,18790.596
1728547200000,4.833,4.874,4.802,4.802,2655.87,1728550800000,12837.278
1728550800000,4.802,4.819,4.759,4.807,3081.83,1728554400000,14803.529
1728554400000,4.807,4.872,4.806,4.864,4414.99,1728558000000,21423.406
1728558000000,4.864,4.909,4.863,4.902,8458.65,1728561600000,41350.507
1728561600000,4.902,4.909,4.81,4.823,34167.1,1728565200000,166109.82
1728565200000,4.823,4.9,4.8,4.834,6196.4,1728568800000,30015.167
1728568800000,4.834,4.842,4.751,4.8,850.73,1728572400000,4067.996
1728572400000,4.8,4.83,4.754,4.792,4757.08,1728576000000,22751.14
1728576000000,4.792,4.824,4.71,4.719,5430.77,1728579600000,25894.814
1728579600000,4.719,4.76,4.688,4.74,8110.71,1728583200000,38283.193
1728583200000,4.74,4.951,4.72,4.95,7741.88,1728586800000,37103.877
1728586800000,4.95,5.013,4.93,4.996,9371.85,1728590400000,46720.474
1728590400000,4.996,5.033,4.952,4.97,4278.01,1728594000000,21268.899
1728594000000,4.97,5.042,4.953,5.037,1171.66,1728597600000,5851.058
1728597600000,5.037,5.045,4.941,4.98,9464.49,1728601200000,47189.634
1728601200000,4.98,5.036,4.976,5.021,5318.67,1728604800000,26701.68
1728604800000,5.021,5.032,4.983,5.005,5702.88,1728608400000,28579.564
1728608400000,5.005,5.029,4.967,4.996,2634.72,1728612000000,13182.749
1728612000000,4.996,5.008,4.975,4.976,3410.5,1728615600000,17046.388
1728615600000,4.976,4.991,4.955,4.96,3683.09,1728619200000,18324.561
1728619200000,4.96,4.988,4.938,4.94,659.65,1728622800000,3270.83
1728622800000,4.94,5,4.937,4.965,1724.49,1728626400000,8594.543
1728626400000,4.965,5.065,4.951,5.05,6052.12,1728630000000,30379.366
1728630000000,5.05,5.132,5.004,5.106,4115.9,1728633600000,20794.561
1728633600000,5.106,5.145,5.09,5.108,4116.71,1728637200000,20988.823
1728637200000,5.108,5.208,5.098,5.185,3497.52,1728640800000,18006.466
1728640800000,5.185,5.291,5.181,5.279,8625.34,1728644400000,45053.781
1728644400000,5.279,5.305,5.253,5.277,5237.14,1728648000000,27640.602
1728648000000,5.277,5.421,5.277,5.409,12842.22,1728651600000,68884.006
1728651600000,5.409,5.611,5.364,5.601,8719.6,1728655200000,47616.487
1728655200000,5.601,5.638,5.469,5.475,11394.03,1728658800000,63382.387
1728658800000,5.475,5.529,5.473,5.49,8151.6,1728662400000,44838.313
1728662400000,5.49,5.503,5.44,5.468,12100.89,1728666000000,65997.957
1728666000000,5.468,5.529,5.437,5.528,9002.35,1728669600000,49370.34
1728669600000,5.528,5.533,5.462,5.494,3941.61,1728673200000,21712.302
1728673200000,5.494,5.531,5.475,5.506,5018.02,1728676800000,27658.011
1728676800000,5.506,5.546,5.502,5.528,3196.29,1728680400000,17693.151
1728680400000,5.528,5.545,5.491,5.491,6301.38,1728684000000,34861.446
1728684000000,5.491,5.515,5.456,5.457,4063.46,1728687600000,22301.099
1728687600000,5.457,5.457,5.371,5.377,5086.25,1728691200000,27475.59
1728691200000,5.377,5.492,5.377,5.476,2601.66,1728694800000,14235.111
1728694800000,5.476,5.498,5.438,5.479,2622.68,1728698400000,14320.424
1728698400000,5.479,5.479,5.396,5.396,82.84,1728702000000,449.983
1728702000000,5.396,5.408,5.333,5.349,2689.09,1728705600000,14373.913
1728705600000,5.349,5.4,5.346,5.347,598.4,1728709200000,3212.232
1728709200000,5.347,5.374,5.305,5.365,3108.51,1728712800000,16640.563
1728712800000,5.365,5.435,5.35,5.401,10571.23,1728716400000,57196.993
1728716400000,5.401,5.492,5.401,5.471,2964.84,1728720000000,16174.464
1728720000000,5.471,5.566,5.444,5.514,5757.31,1728723600000,31777.126
1728723600000,5.514,5.564,5.49,5.564,2136.99,1728727200000,11827.327
1728727200000,5.564,5.615,5.52,5.591,7625.45,1728730800000,42540.978
1728730800000,5.591,5.625,5.527,5.53,6439.74,1728734400000,35926.692
1728734400000,5.53,5.579,5.504,5.567,5031.16,1728738000000,27899.077
1728738000000,5.567,5.644,5.563,5.585,8468.91,1728741600000,47434.644
1728741600000,5.585,5.585,5.506,5.514,4044.08,1728745200000,22383.948
1728745200000,5.514,5.563,5.45,5.463,12858.78,1728748800000,71079.31
1728748800000,5.463,5.541,5.436,5.437,3387.11,1728752400000,18609.185
1728752400000,5.437,5.464,5.396,5.403,3399.95,1728756000000,18454.914
1728756000000,5.403,5.443,5.371,5.388,7572.7,1728759600000,41009.59
1728759600000,5.388,5.396,5.344,5.393,4423.26,1728763200000,23757.479
1728763200000,5.393,5.434,5.386,5.427,3704.71,1728766800000,20088.09
1728766800000,5.427,5.614,5.424,5.58,8487.64,1728770400000,46737.871
1728770400000,5.58,5.586,5.521,5.546,2647.11,1728774000000,14753.283
1728774000000,5.546,5.559,5.502,5.508,2849.32,1728777600000,15779.607
1728777600000,5.508,5.556,5.498,5.537,6968.86,1728781200000,38480.671
1728781200000,5.537,5.58,5.434,5.58,4221.47,1728784800000,23312.875
1728784800000,5.58,5.83,5.58,5.763,10608.29,1728788400000,60619.308
1728788400000,5.763,5.763,5.507,5.52,4006.1,1728792000000,22527.053
1728792000000,5.52,5.75,5.52,5.75,4613.03,1728795600000,26097.545
1728795600000,5.75,6.037,5.75,5.886,26413.66,1728799200000,157624.591
1728799200000,5.886,6.19,5.874,6.153,39694.69,1728802800000,241492.138
1728802800000,6.153,6.174,5.952,5.973,35428.93,1728806400000,214486.119
1728806400000,5.973,5.998,5.842,5.873,11432.87,1728810000000,67724.473
1728810000000,5.873,5.966,5.861,5.953,10903.1,1728813600000,64543.389
1728813600000,5.953,5.971,5.86,5.863,9748.6,1728817200000,57874.884
1728817200000,5.863,5.884,5.76,5.772,13432.35,1728820800000,78163.401
1728820800000,5.772,5.876,5.772,5.809,9422.49,1728824400000,54904.156
1728824400000,5.809,6.013,5.799,6,12259.42,1728828000000,72653.586
1728828000000,6.0,6.0,5.86,5.874,28457.91,1728831600000,168425.008
1728831600000,5.874,5.906,5.754,5.823,16658.37,1728835200000,96924.445
1728835200000,5.823,6.006,5.783,5.979,15860.52,1728838800000,93395.181
1728838800000,5.979,6.15,5.979,5.997,25895.31,1728842400000,157293.365
1728842400000,5.997,6.006,5.888,5.901,11042.69,1728846000000,65675.16
1728846000000,5.901,6.07,5.901,6.041,5036.85,1728849600000,30341.957
1728849600000,6.041,6.074,5.984,6.029,10356.78,1728853200000,62412.797
1728853200000,6.029,6.151,6.002,6.151,25002.97,1728856800000,152206.807
1728856800000,6.151,6.33,6.151,6.248,46702.75,1728860400000,290355.266
1728860400000,6.248,6.381,6.164,6.246,14502.54,1728864000000,91496.338
1728864000000,6.246,6.246,6.089,6.089,9920.87,1728867600000,61188.3
1728867600000,6.089,6.147,6.045,6.071,8960.84,1728871200000,54708.753
1728871200000,6.071,6.107,6.028,6.088,4595.63,1728874800000,27900.847
1728874800000,6.088,6.238,6.071,6.238,9711.43,1728878400000,59844.456
1728878400000,6.238,6.294,6.139,6.139,11074.59,1728882000000,68827.705
1728882000000,6.139,6.184,5.971,6.093,34336.93,1728885600000,207510.13
1728885600000,6.093,6.186,6.079,6.173,10970.88,1728889200000,67082.088
1728889200000,6.173,6.19,6.134,6.151,6024.64,1728892800000,37125.377
1728892800000,6.151,6.215,6.074,6.082,21776.07,1728896400000,133808.963
1728896400000,6.082,6.148,6.06,6.106,16255.68,1728900000000,99291.147
1728900000000,6.106,6.206,6.074,6.157,15875.09,1728903600000,97445.454
1728903600000,6.157,6.211,6.142,6.184,14531.5,1728907200000,89998.862
1728907200000,6.184,6.354,6.177,6.303,49272.44,1728910800000,309677.153
1728910800000,6.303,6.456,6.261,6.437,11167.2,1728914400000,70901.485
1728914400000,6.437,6.49,6.3,6.405,18017.97,1728918000000,114726.102
1728918000000,6.405,6.507,6.366,6.384,44640.85,1728921600000,288536.534
1728921600000,6.384,6.4,6.295,6.315,21918.49,1728925200000,138731.422
1728925200000,6.315,6.359,6.27,6.29,10001.72,1728928800000,62897.149
1728928800000,6.29,6.35,6.283,6.296,2573.15,1728932400000,16272.16
1728932400000,6.296,6.327,6.258,6.278,1228.71,1728936000000,7725.375
1728936000000,6.278,6.304,6.259,6.27,2657.09,1728939600000,16685.069
1728939600000,6.27,6.306,6.232,6.243,2548.03,1728943200000,15988.268
1728943200000,6.243,6.295,6.232,6.291,4796.24,1728946800000,30024.246
1728946800000,6.291,6.324,6.218,6.28,1785.08,1728950400000,11182.44
1728950400000,6.28,6.283,6.139,6.196,2927.37,1728954000000,18179.782
1728954000000,6.196,6.23,6.161,6.223,2250.46,1728957600000,13941.161
1728957600000,6.223,6.261,6.193,6.209,777.68,1728961200000,4841.897
1728961200000,6.209,6.209,6.1,6.128,5120.44,1728964800000,31332.289
1728964800000,6.128,6.172,6.113,6.15,3160.63,1728968400000,19431.597
1728968400000,6.15,6.206,6.1,6.203,24381.24,1728972000000,149025.74
1728972000000,6.203,6.306,6.186,6.3,5731.62,1728975600000,35833.388
1728975600000,6.3,6.325,6.215,6.262,8489.62,1728979200000,53090.276
1728979200000,6.262,6.359,6.239,6.359,8356.07,1728982800000,52717.433
1728982800000,6.359,6.425,6.286,6.311,4134.91,1728986400000,26399.298
1728986400000,6.311,6.402,6.266,6.34,3975.65,1728990000000,25232.924
1728990000000,6.34,6.34,6.031,6.062,15409.31,1728993600000,95182.688
1728993600000,6.062,6.24,6.062,6.239,11154.83,1728997200000,69079.973
1728997200000,6.239,6.313,6.147,6.3,7309.4,1729000800000,45601.054
1729000800000,6.3,6.336,6.0,6.051,16309.81,1729004400000,101091.674
1729004400000,6.051,6.097,5.858,6.015,30423.32,1729008000000,181892.224
1729008000000,6.015,6.157,6.015,6.094,3774.34,1729011600000,23060.721
1729011600000,6.094,6.127,6.041,6.068,3449.28,1729015200000,20971.02
1729015200000,6.068,6.137,6.055,6.059,4543.05,1729018800000,27637.752
1729018800000,6.059,6.071,5.957,6.018,3366.31,1729022400000,20209.099
1729022400000,6.018,6.034,5.884,5.902,13457.2,1729026000000,80027.479
1729026000000,5.902,5.987,5.887,5.965,2979.37,1729029600000,17687.788
1729029600000,5.965,6.032,5.939,5.988,1860.6,1729033200000,11127.539
1729033200000,5.988,6.072,5.987,6.064,3885.76,1729036800000,23509.732
1729036800000,6.064,6.08,5.939,5.939,3564.96,1729040400000,21377.241
1729040400000,5.939,5.976,5.894,5.925,3988.63,1729044000000,23685.676
1729044000000,5.925,6.022,5.925,5.95,1782.79,1729047600000,10686.355
1729047600000,5.95,5.988,5.907,5.907,2154.77,1729051200000,12805.584
1729051200000,5.907,5.939,5.82,5.868,4878.04,1729054800000,28569.638
1729054800000,5.868,5.953,5.863,5.899,2282.24,1729058400000,13486.368
1729058400000,5.899,5.915,5.814,5.836,3182.67,1729062000000,18635.199
1729062000000,5.836,5.85,5.8,5.83,2644.51,1729065600000,15405.905
1729065600000,5.83,5.906,5.826,5.853,3210.49,1729069200000,18879.83
1729069200000,5.853,5.952,5.853,5.95,3918.21,1729072800000,23181.548
1729072800000,5.95,5.95,5.884,5.886,4414.06,1729076400000,26080.296
1729076400000,5.886,5.978,5.854,5.898,7730.77,1729080000000,45868.127
1729080000000,5.898,5.958,5.861,5.921,2417.4,1729083600000,14275.561
1729083600000,5.921,5.962,5.888,5.901,1519.06,1729087200000,8988.523
1729087200000,5.901,5.994,5.825,5.872,4224.19,1729090800000,25031.192
1729090800000,5.872,5.878,5.758,5.768,11922.22,1729094400000,69362.828
1729094400000,5.768,5.805,5.688,5.779,21543.26,1729098000000,123192.9
1729098000000,5.779,5.934,5.771,5.907,4965.06,1729101600000,29066.359
1729101600000,5.907,5.957,5.883,5.909,5969.99,1729105200000,35318.72
1729105200000,5.909,5.937,5.871,5.888,3242.69,1729108800000,19125.477
1729108800000,5.888,5.967,5.888,5.909,4236.26,1729112400000,25107.897
1729112400000,5.909,5.936,5.864,5.885,3017.88,1729116000000,17851.036
1729116000000,5.885,5.942,5.885,5.919,2187,1729119600000,12961.269
1729119600000,5.919,5.921,5.849,5.872,813.13,1729123200000,4789.944
1729123200000,5.872,5.947,5.872,5.897,2629.12,1729126800000,15585.142
1729126800000,5.897,5.947,5.862,5.944,1837.69,1729130400000,10819.027
1729130400000,5.944,5.95,5.857,5.858,2229.72,1729134000000,13097.101
1729134000000,5.858,5.893,5.853,5.876,1155.43,1729137600000,6784.804
1729137600000,5.876,5.913,5.85,5.856,8305.41,1729141200000,48649.749
1729141200000,5.856,5.859,5.75,5.757,9423.37,1729144800000,54649.578
1729144800000,5.757,5.831,5.745,5.777,3499.55,1729148400000,20239.011
1729148400000,5.777,5.799,5.716,5.771,11973.15,1729152000000,68603.892
1729152000000,5.771,5.797,5.743,5.79,2329.72,1729155600000,13452.127
1729155600000,5.79,5.796,5.704,5.706,5737.07,1729159200000,32966.71
1729159200000,5.706,5.718,5.624,5.668,8195.62,1729162800000,46438.852
1729162800000,5.668,5.673,5.57,5.573,16157.79,1729166400000,90348.933
1729166400000,5.573,5.769,5.569,5.769,6846.65,1729170000000,38801.074
1729170000000,5.769,5.954,5.765,5.881,14666.81,1729173600000,85472.038
1729173600000,5.881,5.98,5.865,5.91,13698.18,1729177200000,81165.336
1729177200000,5.91,6.05,5.897,6.028,13898.47,1729180800000,82809.615
1729180800000,6.028,6.186,6.011,6.112,12525.91,1729184400000,76341.88
1729184400000,6.112,6.159,5.959,5.984,10301.43,1729188000000,62083.588
1729188000000,5.984,6.069,5.906,6.012,2894.27,1729191600000,17308.107
1729191600000,6.012,6.04,5.982,5.986,1360.16,1729195200000,8170.771
1729195200000,5.986,6.013,5.938,5.94,5143.73,1729198800000,30702.384
1729198800000,5.94,6.021,5.94,5.948,3922.46,1729202400000,23465.425
1729202400000,5.948,5.991,5.927,5.951,2366.91,1729206000000,14085.376
1729206000000,5.951,5.98,5.917,5.958,2392.34,1729209600000,14200.263
1729209600000,5.958,6.066,5.886,5.887,900.61,1729213200000,5376.968
1729213200000,5.887,6.161,5.88,6.13,6604.36,1729216800000,40340.974
1729216800000,6.13,6.25,6.119,6.25,11499.51,1729220400000,71005.874
1729220400000,6.25,6.328,6.22,6.248,15984.79,1729224000000,100394.061
1729224000000,6.248,6.286,6.179,6.206,8402.89,1729227600000,52251.667
1729227600000,6.206,6.218,6.119,6.154,2208.44,1729231200000,13562.678
1729231200000,6.154,6.171,6.087,6.095,2305.54,1729234800000,14174.353
1729234800000,6.095,6.141,6.041,6.076,6367.48,1729238400000,38835.512
1729238400000,6.076,6.178,6.021,6.023,1903.51,1729242000000,11616.094
1729242000000,6.023,6.03,5.948,5.948,5993.91,1729245600000,35936.176
1729245600000,5.948,6.02,5.89,6.015,6336.27,1729249200000,37780.61
1729249200000,6.015,6.015,5.946,5.957,4239.36,1729252800000,25389.066
1729252800000,5.957,5.963,5.889,5.916,9674.4,1729256400000,57219.418
1729256400000,5.916,6.004,5.91,5.972,2414.64,1729260000000,14382.115
1729260000000,5.972,5.998,5.888,5.962,6779.71,1729263600000,40344.419
1729263600000,5.962,6.022,5.959,6.008,8473.03,1729267200000,50863.423
1729267200000,6.008,6.12,5.95,6.12,36930.94,1729270800000,222895.116
1729270800000,6.12,6.127,6.029,6.035,9633.39,1729274400000,58419.189
1729274400000,6.035,6.126,6.026,6.104,17756.43,1729278000000,107729.396
1729278000000,6.104,6.124,6.055,6.055,6935.08,1729281600000,42277.001
1729281600000,6.055,6.067,6.048,6.051,2063.39,1729285200000,12491.893
1729285200000,6.051,6.058,5.965,5.974,3912.74,1729288800000,23580.452
1729288800000,5.974,6.002,5.933,5.984,2631.55,1729292400000,15681.313
1729292400000,5.984,6.033,5.984,6.014,1070.62,1729296000000,6446.238
1729296000000,6.014,6.044,5.986,5.997,4030.54,1729299600000,24241.163
1729299600000,5.997,6.065,5.997,6.02,2292.51,1729303200000,13849.839
1729303200000,6.02,6.076,6.006,6.057,2334.33,1729306800000,14089.545
1729306800000,6.057,6.139,6.054,6.081,4518.07,1729310400000,27455.493
1729310400000,6.081,6.103,6.003,6.003,2020.97,1729314000000,12254.299
1729314000000,6.003,6.17,5.999,6.16,902.55,1729317600000,5537.447
1729317600000,6.16,6.16,6.086,6.101,1505.18,1729321200000,9193.154
1729321200000,6.101,6.163,6.097,6.142,3349.44,1729324800000,20582.819
1729324800000,6.142,6.169,6.091,6.126,7891.45,1729328400000,48389.873
1729328400000,6.126,6.152,6.057,6.07,1529.43,1729332000000,9295.92
1729332000000,6.07,6.07,5.985,5.997,3026.79,1729335600000,18200.862
1729335600000,5.997,6.005,5.914,5.916,6818.52,1729339200000,40646.691
1729339200000,5.916,5.969,5.914,5.951,6030.24,1729342800000,35851.831
1729342800000,5.951,5.953,5.899,5.91,8197.7,1729346400000,48458.934
1729346400000,5.91,5.97,5.907,5.969,3139.34,1729350000000,18658.837
1729350000000,5.969,5.974,5.934,5.974,1351.68,1729353600000,8048.949
1729353600000,5.974,5.974,5.893,5.893,21262.38,1729357200000,125592.689
1729357200000,5.893,5.915,5.884,5.895,13256.24,1729360800000,78104.334
1729360800000,5.895,5.922,5.888,5.896,2164.62,1729364400000,12801.889
1729364400000,5.896,5.91,5.843,5.849,6068.46,1729368000000,35708.948
1729368000000,5.849,5.899,5.841,5.879,756.09,1729371600000,4434.891
1729371600000,5.879,5.917,5.864,5.864,1440.23,1729375200000,8496.455
1729375200000,5.864,5.893,5.844,5.883,979.85,1729378800000,5753.387
1729378800000,5.883,5.911,5.855,5.863,994.87,1729382400000,5845.197
1729382400000,5.863,5.908,5.825,5.833,1515.42,1729386000000,8870.939
1729386000000,5.833,5.862,5.814,5.83,841.89,1729389600000,4916.731
1729389600000,5.83,5.852,5.804,5.805,1094.9,1729393200000,6393.104
1729393200000,5.805,5.817,5.766,5.813,1829.28,1729396800000,10600.488
1729396800000,5.813,5.85,5.789,5.794,4962.11,1729400400000,28813.835
1729400400000,5.794,5.827,5.791,5.813,7414.22,1729404000000,43143.887
1729404000000,5.813,5.879,5.796,5.878,647.49,1729407600000,3776.505
1729407600000,5.878,5.941,5.873,5.901,4663.45,1729411200000,27538.374
1729411200000,5.901,5.92,5.862,5.862,4565.49,1729414800000,26890.703
1729414800000,5.862,5.942,5.842,5.928,8836.86,1729418400000,51956.724
1729418400000,5.928,5.964,5.927,5.94,8204.4,1729422000000,48778.78
1729422000000,5.94,5.972,5.936,5.966,7125.65,1729425600000,42432.152
1729425600000,5.966,5.975,5.881,5.887,21283.76,1729429200000,126400.746
1729429200000,5.887,6.057,5.868,6.057,15298.84,1729432800000,91052.495
1729432800000,6.057,6.11,6.026,6.049,8386.17,1729436400000,50859.375
1729436400000,6.049,6.082,5.984,6.075,7256.2,1729440000000,43848.651
1729440000000,6.075,6.11,6.043,6.06,5831.59,1729443600000,35398.766
1729443600000,6.06,6.107,6.034,6.051,6059.76,1729447200000,36733.147
1729447200000,6.051,6.095,6.051,6.064,6341.21,1729450800000,38469.356
1729450800000,6.064,6.064,5.995,6.02,8523.98,1729454400000,51281.134
1729454400000,6.02,6.064,6.014,6.032,11785.48,1729458000000,71275.39
1729458000000,6.032,6.049,5.982,5.984,1371.35,1729461600000,8238.041
1729461600000,5.984,6.089,5.981,6.064,2156.74,1729465200000,13047.081
1729465200000,6.064,6.103,6.057,6.1,5749.99,1729468800000,35002.789
1729468800000,6.1,6.178,6.038,6.059,2470.14,1729472400000,15148.537
1729472400000,6.059,6.12,6.023,6.083,1156.43,1729476000000,7018.856
1729476000000,6.083,6.086,5.918,5.921,6409.59,1729479600000,38366.45
1729479600000,5.921,5.934,5.88,5.905,2412.28,1729483200000,14251.29
1729483200000,5.905,5.97,5.884,5.965,1956.23,1729486800000,11566.611
1729486800000,5.965,6.06,5.965,6.034,2604.34,1729490400000,15708.62
1729490400000,6.034,6.061,5.95,5.95,4905.99,1729494000000,29573.232
1729494000000,5.95,5.974,5.901,5.901,10797.3,1729497600000,64187.808
1729497600000,5.901,5.945,5.87,5.872,3490.36,1729501200000,20648.127
1729501200000,5.872,5.874,5.769,5.824,10558.2,1729504800000,61409.285
1729504800000,5.824,5.842,5.769,5.773,10641.82,1729508400000,61751.383
1729508400000,5.773,5.818,5.735,5.794,5529.27,1729512000000,31997.661
1729512000000,5.794,5.853,5.787,5.828,4317.05,1729515600000,25116.449
1729515600000,5.828,5.85,5.66,5.722,5299.94,1729519200000,30624.531
1729519200000,5.722,5.811,5.716,5.766,5065.25,1729522800000,29247.89
1729522800000,5.766,5.77,5.699,5.723,2455.89,1729526400000,14080.966
1729526400000,5.723,5.723,5.629,5.701,7489.31,1729530000000,42509.291
1729530000000,5.701,5.77,5.697,5.767,2623.37,1729533600000,15045.086
1729533600000,5.767,5.768,5.684,5.699,1482.1,1729537200000,8457.816
1729537200000,5.699,5.749,5.697,5.727,2885.0,1729540800000,16485.804
1729540800000,5.727,5.737,5.7,5.724,4757.91,1729544400000,27196.239
1729544400000,5.724,5.753,5.706,5.719,2264.88,1729548000000,12991.523
1729548000000,5.719,5.739,5.683,5.69,2845.19,1729551600000,16243.138
1729551600000,5.69,5.69,5.622,5.622,2223.02,1729555200000,12597.846
1729555200000,5.622,5.706,5.594,5.7,5260.04,1729558800000,29701.547
1729558800000,5.7,5.745,5.678,5.737,2910.84,1729562400000,16608.79
1729562400000,5.737,5.77,5.692,5.7,1589.33,1729566000000,9110.028
1729566000000,5.7,5.743,5.699,5.74,1555.97,1729569600000,8904.494
1729569600000,5.74,5.756,5.71,5.729,1646.58,1729573200000,9434.359
1729573200000,5.729,5.759,5.71,5.732,1657.41,1729576800000,9490.025
1729576800000,5.732,5.781,5.732,5.76,1598.93,1729580400000,9200.474
1729580400000,5.76,5.768,5.711,5.72,2198.85,1729584000000,12600.657
1729584000000,5.72,5.748,5.666,5.703,2766.03,1729587600000,15789.99
1729587600000,5.703,5.743,5.664,5.737,2074.2,1729591200000,11813.076
1729591200000,5.737,5.815,5.721,5.803,8988.25,1729594800000,52026.309
1729594800000,5.803,5.82,5.761,5.792,4030.42,1729598400000,23309.511
1729598400000,5.792,5.826,5.727,5.727,7024.8,1729602000000,40721.362
1729602000000,5.727,5.78,5.7,5.777,4286.1,1729605600000,24672.241
1729605600000,5.777,5.819,5.695,5.754,14024.71,1729609200000,80720.112
1729609200000,5.754,5.769,5.688,5.738,4087.84,1729612800000,23378.683
1729612800000,5.738,5.762,5.666,5.684,4051.3,1729616400000,23179.989
1729616400000,5.684,5.781,5.684,5.78,5850.33,1729620000000,33612.291
1729620000000,5.78,5.8,5.734,5.74,1670.11,1729623600000,9650.076
1729623600000,5.74,5.8,5.73,5.782,1660.56,1729627200000,9594.37
1729627200000,5.782,5.803,5.764,5.791,1325.98,1729630800000,7674.211
1729630800000,5.791,5.796,5.722,5.733,2176.04,1729634400000,12519.021
1729634400000,5.733,5.805,5.723,5.791,1449.73,1729638000000,8364.679
1729638000000,5.791,5.817,5.742,5.786,2140.47,1729641600000,12362.867
1729641600000,5.786,5.816,5.772,5.774,2126.19,1729645200000,12326.255
1729645200000,5.774,5.839,5.748,5.831,1836.26,1729648800000,10678.87
1729648800000,5.831,5.86,5.788,5.793,3000.06,1729652400000,17500.897
1729652400000,5.793,5.881,5.787,5.847,3859.82,1729656000000,22490.016
1729656000000,5.847,5.915,5.845,5.914,7302.96,1729659600000,43065.856
1729659600000,5.914,5.966,5.864,5.934,11008.84,1729663200000,65273.229
1729663200000,5.934,6.024,5.924,5.952,17459.45,1729666800000,104512.765
1729666800000,5.952,6.0,5.88,5.963,14330.91,1729670400000,84924.005
1729670400000,5.963,6.011,5.879,5.886,10910.52,1729674000000,64861.8
1729674000000,5.886,5.953,5.826,5.93,12152.29,1729677600000,71289.735
1729677600000,5.93,5.947,5.86,5.86,2938.59,1729681200000,17379.127
1729681200000,5.86,5.89,5.738,5.739,6779.16,1729684800000,39149.679
1729684800000,5.739,5.831,5.739,5.831,5692.87,1729688400000,33050.852
1729688400000,5.831,5.893,5.789,5.878,4179.42,1729692000000,24420.793
1729692000000,5.878,5.97,5.819,5.892,5495.68,1729695600000,32536.631
1729695600000,5.892,5.897,5.764,5.863,12527.73,1729699200000,72797.369
1729699200000,5.863,5.982,5.832,5.904,12865.39,1729702800000,76171.324
1729702800000,5.904,6,5.796,5.798,9854.97,1729706400000,58231.289
1729706400000,5.798,5.799,5.677,5.793,13412.25,1729710000000,77023.608
1729710000000,5.793,5.903,5.739,5.899,8511.19,1729713600000,49589.572
1729713600000,5.899,5.978,5.898,5.964,2768.33,1729717200000,16467.227
1729717200000,5.964,5.98,5.872,5.873,2487.5,1729720800000,14723.421
1729720800000,5.873,5.921,5.834,5.858,1944.37,1729724400000,11454.635
1729724400000,5.858,5.983,5.854,5.972,1150.55,1729728000000,6827.187
1729728000000,5.972,6.018,5.906,6.016,2326.35,1729731600000,13839.741
1729731600000,6.016,6.09,5.842,5.858,3699.95,1729735200000,22156.716
1729735200000,5.858,5.859,5.797,5.848,2940.9,1729738800000,17149.132
1729738800000,5.848,5.95,5.848,5.92,7593.93,1729742400000,44748.034
1729742400000,5.92,5.997,5.917,5.967,5275.85,1729746000000,31565.356
1729746000000,5.967,6.203,5.966,6.188,24072.56,1729749600000,147179.942
1729749600000,6.188,6.211,6.13,6.132,9485.93,1729753200000,58511.333
1729753200000,6.132,6.15,6.059,6.059,4431.79,1729756800000,27001.525
1729756800000,6.059,6.163,6.037,6.038,3231.39,1729760400000,19693.849
1729760400000,6.038,6.074,6.009,6.073,7871.23,1729764000000,47487.086
1729764000000,6.073,6.121,6.012,6.03,4381.42,1729767600000,26631.957
1729767600000,6.03,6.058,5.967,6,2598.73,1729771200000,15633.797
1729771200000,6.0,6.25,6.0,6.191,16669.56,1729774800000,103128.273
1729774800000,6.191,6.28,6.141,6.164,6878.73,1729778400000,42648.449
1729778400000,6.164,6.164,6.007,6.007,9294.21,1729782000000,56579.072
1729782000000,6.007,6.041,5.99,6.002,5351.21,1729785600000,32167.06
1729785600000,6.002,6.118,6.002,6.064,7298.94,1729789200000,44326.114
1729789200000,6.064,6.075,6.008,6.03,4917.81,1729792800000,29712.371
1729792800000,6.03,6.091,6.025,6.044,2032.14,1729796400000,12312.249
1729796400000,6.044,6.1,6.028,6.05,6545.5,1729800000000,39650.603
1729800000000,6.05,6.08,6.025,6.056,3294.69,1729803600000,19955.472
1729803600000,6.056,6.105,6.048,6.066,12688.19,1729807200000,77021.423
1729807200000,6.066,6.084,6.031,6.042,5829.26,1729810800000,35395.105
1729810800000,6.042,6.136,6.019,6.13,3107.15,1729814400000,18899.005
1729814400000,6.13,6.168,6.084,6.098,1755.98,1729818000000,10740.269
1729818000000,6.098,6.133,6.076,6.084,1926.92,1729821600000,11737.509
1729821600000,6.084,6.128,6.032,6.119,1292.89,1729825200000,7890.961
1729825200000,6.119,6.24,6.118,6.221,13121.98,1729828800000,81323.494
1729828800000,6.221,6.224,5.964,5.965,4169.3,1729832400000,25441.439
1729832400000,5.965,6.017,5.911,6.017,7039.36,1729836000000,41852.073
1729836000000,6.017,6.072,5.924,5.927,10832.82,1729839600000,65010.207
1729839600000,5.927,5.961,5.832,5.881,4557.21,1729843200000,26759.247
1729843200000,5.881,5.965,5.848,5.952,3998.22,1729846800000,23642.799
1729846800000,5.952,5.972,5.908,5.928,1551.39,1729850400000,9205.981
1729850400000,5.928,5.929,5.86,5.897,8436.27,1729854000000,49729.158
1729854000000,5.897,5.919,5.876,5.904,13854.61,1729857600000,81756.004
1729857600000,5.904,5.958,5.776,5.797,20077.1,1729861200000,117909.685
1729861200000,5.797,5.834,5.76,5.828,5779.18,1729864800000,33462.633
1729864800000,5.828,5.855,5.779,5.781,7713.52,1729868400000,44905.133
1729868400000,5.781,5.803,5.624,5.656,8328.3,1729872000000,47484.162
1729872000000,5.656,5.7,5.599,5.687,13542.07,1729875600000,76599.933
1729875600000,5.687,5.706,5.6,5.609,16067.59,1729879200000,90695.231
1729879200000,5.609,5.683,5.54,5.613,14856.81,1729882800000,83513.8
1729882800000,5.613,5.634,5.597,5.616,10502.01,1729886400000,58885.029
1729886400000,5.616,5.642,5.596,5.626,5730.58,1729890000000,32241.164
1729890000000,5.626,5.664,5.619,5.646,3814.64,1729893600000,21515.189
1729893600000,5.646,5.661,5.549,5.55,1166.85,1729897200000,6556.315
1729897200000,5.55,5.557,5.078,5.3,19463.15,1729900800000,103100.562
1729900800000,5.3,5.357,5.23,5.352,9381.86,1729904400000,49639.759
1729904400000,5.352,5.4,5.339,5.366,2977.07,1729908000000,15958.737
1729908000000,5.366,5.366,5.28,5.297,4325.48,1729911600000,22975.963
1729911600000,5.297,5.318,5.281,5.281,1233.09,1729915200000,6535.893
1729915200000,5.281,5.287,5.227,5.259,14124.49,1729918800000,74329.077
1729918800000,5.259,5.312,5.253,5.283,2037.53,1729922400000,10773.934
1729922400000,5.283,5.348,5.269,5.341,3578.31,1729926000000,19012.292
1729926000000,5.341,5.351,5.271,5.293,2743.57,1729929600000,14594.958
1729929600000,5.293,5.372,5.282,5.369,3624.8,1729933200000,19401.242
1729933200000,5.369,5.385,5.339,5.357,3973.98,1729936800000,21321.103
1729936800000,5.357,5.402,5.341,5.366,5478.91,1729940400000,29408.114
1729940400000,5.366,5.425,5.346,5.396,2390.98,1729944000000,12853.512
1729944000000,5.396,5.415,5.357,5.376,3363.19,1729947600000,18087.86
1729947600000,5.376,5.38,5.313,5.321,3180.26,1729951200000,17010.877
1729951200000,5.321,5.341,5.18,5.183,2022.33,1729954800000,10653.028
1729954800000,5.183,5.278,5.178,5.21,2909.82,1729958400000,15255.917
1729958400000,5.21,5.284,5.177,5.275,2319.78,1729962000000,12136.075
1729962000000,5.275,5.322,5.271,5.312,3446.77,1729965600000,18270.358
1729965600000,5.312,5.333,5.288,5.288,1821.16,1729969200000,9676.426
1729969200000,5.288,5.327,5.288,5.323,760.08,1729972800000,4036.012
1729972800000,5.323,5.38,5.323,5.34,8660.81,1729976400000,46433.912
1729976400000,5.34,5.371,5.332,5.366,975.05,1729980000000,5213.343
1729980000000,5.366,5.398,5.362,5.372,1986.75,1729983600000,10670.024
1729983600000,5.372,5.42,5.356,5.397,1604.09,1729987200000,8628.075
1729987200000,5.397,5.426,5.397,5.415,1931.22,1729990800000,10451.36
1729990800000,5.415,5.458,5.392,5.456,2627.75,1729994400000,14251.433
1729994400000,5.456,5.463,5.36,5.36,2229.58,1729998000000,12101.088
1729998000000,5.36,5.413,5.344,5.385,1296.16,1730001600000,6981.503
1730001600000,5.385,5.412,5.36,5.362,973.76,1730005200000,5244.571
1730005200000,5.362,5.396,5.346,5.383,2333.46,1730008800000,12507.763
1730008800000,5.383,5.388,5.339,5.35,3231.44,1730012400000,17340
1730012400000,5.35,5.365,5.337,5.345,6937.28,1730016000000,37090.917
1730016000000,5.345,5.381,5.345,5.362,1066.01,1730019600000,5717.725
1730019600000,5.362,5.362,5.271,5.295,4412.48,1730023200000,23473.507
1730023200000,5.295,5.296,5.232,5.247,1502.03,1730026800000,7891.699
1730026800000,5.247,5.292,5.21,5.21,964.36,1730030400000,5067.866
1730030400000,5.21,5.272,5.21,5.217,3538.28,1730034000000,18572.462
1730034000000,5.217,5.291,5.215,5.231,8318.92,1730037600000,43561.164
1730037600000,5.231,5.29,5.224,5.267,2722.27,1730041200000,14307.3
1730041200000,5.267,5.298,5.263,5.292,1902.87,1730044800000,10056.158
1730044800000,5.292,5.326,5.259,5.287,9987.61,1730048400000,52969.87
1730048400000,5.287,5.317,5.264,5.268,3201.21,1730052000000,16911.383
1730052000000,5.268,5.273,5.14,5.155,6748.57,1730055600000,35216.359
1730055600000,5.155,5.202,5.133,5.158,3472.08,1730059200000,17970.184
1730059200000,5.158,5.194,5.105,5.116,6007.81,1730062800000,30928.54
1730062800000,5.116,5.237,5.105,5.233,5706.03,1730066400000,29569.794
1730066400000,5.233,5.294,5.149,5.153,4715.73,1730070000000,24599.274
1730070000000,5.153,5.2,5.12,5.13,3529.63,1730073600000,18156.309
1730073600000,5.13,5.155,5.096,5.129,8437.6,1730077200000,43214.042
1730077200000,5.129,5.148,5.01,5.015,3439.62,1730080800000,17429.222
1730080800000,5.015,5.209,5.01,5.189,1809.11,1730084400000,9322.834
1730084400000,5.189,5.201,5.082,5.086,2912.78,1730088000000,14907.322
1730088000000,5.086,5.126,5.058,5.088,6912.37,1730091600000,35122.464
1730091600000,5.088,5.089,5.013,5.077,4017.65,1730095200000,20284.026
1730095200000,5.077,5.085,5.026,5.052,1897.23,1730098800000,9579.717
1730098800000,5.052,5.18,5.052,5.14,5399.47,1730102400000,27753.232
1730102400000,5.14,5.202,5.133,5.178,8775.95,1730106000000,45438.764
1730106000000,5.178,5.242,5.169,5.215,8772.46,1730109600000,45594.584
1730109600000,5.215,5.221,5.145,5.145,14328.65,1730113200000,74201.676
1730113200000,5.145,5.157,5.111,5.117,4718.97,1730116800000,24243.302
1730116800000,5.117,5.129,5.079,5.102,14203.82,1730120400000,72466.876
1730120400000,5.102,5.115,5.03,5.031,4498.05,1730124000000,22845.159
1730124000000,5.031,5.061,4.936,4.937,6729.81,1730127600000,33696.798
1730127600000,4.937,4.937,4.82,4.86,9060.28,1730131200000,44218.424
1730131200000,4.86,4.913,4.853,4.868,10421.29,1730134800000,51029.673
1730134800000,4.868,4.903,4.77,4.828,8285.01,1730138400000,40016.479
1730138400000,4.828,4.896,4.828,4.866,6102.49,1730142000000,29668.563
1730142000000,4.866,4.981,4.859,4.948,7249.7,1730145600000,35765.126
1730145600000,4.948,4.973,4.919,4.973,8535.21,1730149200000,42208.0
1730149200000,4.973,5.085,4.969,5.085,8853.93,1730152800000,44742.174
1730152800000,5.085,5.152,5.053,5.056,6936.53,1730156400000,35336.428
1730156400000,5.056,5.098,5.048,5.088,2928.52,1730160000000,14841.715
1730160000000,5.088,5.155,5.067,5.131,3727.23,1730163600000,19102.043
1730163600000,5.131,5.141,5.096,5.116,1157.73,1730167200000,5922.991
1730167200000,5.116,5.232,5.109,5.168,3766.41,1730170800000,19523.939
1730170800000,5.168,5.201,5.05,5.087,2787.26,1730174400000,14347.615
1730174400000,5.087,5.094,5.044,5.047,4914.75,1730178000000,24850.226
1730178000000,5.047,5.054,5.016,5.043,1511.64,1730181600000,7608.89
1730181600000,5.043,5.066,5.023,5.055,1404.32,1730185200000,7077.216
1730185200000,5.055,5.12,5.052,5.08,8366.7,1730188800000,42442.023
1730188800000,5.08,5.145,5.069,5.11,6420.77,1730192400000,32656.975
1730192400000,5.11,5.125,5.075,5.113,8405,1730196000000,42885.947
1730196000000,5.113,5.115,5.045,5.085,7374.89,1730199600000,37536.558
1730199600000,5.085,5.085,5.037,5.051,2968.0,1730203200000,15017.278
1730203200000,5.051,5.071,5.018,5.02,8899.99,1730206800000,44903.4
1730206800000,5.02,5.056,4.998,5.027,13484.55,1730210400000,67849.676
1730210400000,5.027,5.042,4.929,4.935,14522.54,1730214000000,72116.243
1730214000000,4.935,4.975,4.927,4.967,6631.08,1730217600000,32829.426
1730217600000,4.967,5.2,4.967,5.191,18964.25,1730221200000,96167.385
1730221200000,5.191,5.29,5.153,5.285,23037.21,1730224800000,120704.741
1730224800000,5.285,5.419,5.254,5.372,15342.31,1730228400000,81904.491
1730228400000,5.372,5.38,5.177,5.189,11968.73,1730232000000,63191.174
1730232000000,5.189,5.231,5.115,5.225,11159.93,1730235600000,57762.552
1730235600000,5.225,5.25,5.168,5.201,5176.13,1730239200000,26986.382
1730239200000,5.201,5.318,5.197,5.257,5929.71,1730242800000,31158.759
1730242800000,5.257,5.286,5.222,5.274,2201.06,1730246400000,11559.301
1730246400000,5.274,5.274,5.177,5.178,4287.53,1730250000000,22363.947
1730250000000,5.178,5.18,5.119,5.129,5221.69,1730253600000,26887.091
1730253600000,5.129,5.151,5.1,5.11,3090.55,1730257200000,15838.923
1730257200000,5.11,5.175,5.11,5.151,6492.14,1730260800000,33334.802
1730260800000,5.151,5.155,5.107,5.11,1868.71,1730264400000,9601.645
1730264400000,5.11,5.141,5.049,5.053,3555.22,1730268000000,18092.093
1730268000000,5.053,5.12,5.053,5.057,5433.22,1730271600000,27667.551
1730271600000,5.057,5.109,5.023,5.026,2977.02,1730275200000,15071.112
1730275200000,5.026,5.083,5.022,5.032,9206.69,1730278800000,46523.003
1730278800000,5.032,5.039,4.995,5.024,3721.21,1730282400000,18677.029
1730282400000,5.024,5.05,4.996,5,4234.67,1730286000000,21256.3
1730286000000,5,5.014,4.927,4.929,5870.36,1730289600000,29234.311
1730289600000,4.929,5.033,4.908,5.011,4012.75,1730293200000,19852.347
1730293200000,5.011,5.011,4.76,4.882,18407.71,1730296800000,89130.725
1730296800000,4.882,5.055,4.813,4.835,23996.23,1730300400000,117625.019
1730300400000,4.835,4.871,4.611,4.625,17282.93,1730304000000,81942.752
1730304000000,4.625,4.727,4.609,4.705,23959.6,1730307600000,112582.331
1730307600000,4.705,4.82,4.686,4.775,13595.74,1730311200000,64570.684
1730311200000,4.775,4.843,4.766,4.798,16586.64,1730314800000,79748.336
1730314800000,4.798,4.798,4.74,4.76,26120.51,1730318400000,124393.582
1730318400000,4.76,4.813,4.739,4.795,5506.8,1730322000000,26334.674
1730322000000,4.795,4.82,4.739,4.749,11425.92,1730325600000,54611.726
1730325600000,4.749,4.786,4.722,4.771,8495.79,1730329200000,40470.647
1730329200000,4.771,4.818,4.755,4.759,16182.9,1730332800000,77471.726
1730332800000,4.759,4.776,4.706,4.712,12011.44,1730336400000,56634.532
1730336400000,4.712,4.743,4.65,4.671,27511.6,1730340000000,129666.412
1730340000000,4.671,4.682,4.59,4.61,7772.76,1730343600000,36028.137
1730343600000,4.61,4.698,4.609,4.666,13575.65,1730347200000,63171.203
1730347200000,4.666,4.701,4.647,4.655,2181.97,1730350800000,10203.193
1730350800000,4.655,4.718,4.655,4.712,4143.76,1730354400000,19431.954
1730354400000,4.712,4.712,4.65,4.657,4354.4,1730358000000,20328.874
1730358000000,4.657,4.715,4.634,4.701,5523.96,1730361600000,25848.456
1730361600000,4.701,4.704,4.618,4.639,4993.7,1730365200000,23253.362
1730365200000,4.639,4.661,4.626,4.651,3804.6,1730368800000,17679.661
1730368800000,4.651,4.662,4.57,4.621,12337.99,1730372400000,56944.135
1730372400000,4.621,4.631,4.581,4.622,14983.78,1730376000000,68874.612
1730376000000,4.622,4.64,4.581,4.605,3982.84,1730379600000,18375.326
1730379600000,4.605,4.71,4.56,4.7,8386.7,1730383200000,38724.152
1730383200000,4.7,4.808,4.65,4.779,22333.68,1730386800000,105516.955
1730386800000,4.779,4.823,4.709,4.797,29115.61,1730390400000,138574.183
1730390400000,4.797,4.797,4.704,4.729,7028.01,1730394000000,33317.487
1730394000000,4.729,4.78,4.68,4.723,7106.53,1730397600000,33546.94
1730397600000,4.723,4.828,4.649,4.802,15521.57,1730401200000,73347.611
1730401200000,4.802,4.861,4.789,4.801,11253.2,1730404800000,54207.326
1730404800000,4.801,4.929,4.801,4.929,15779.61,1730408400000,77122.137
1730408400000,4.929,4.97,4.831,4.852,13986.45,1730412000000,68810.18
